subject,predicate,object
长码头：中国垃圾（三个优雅）（来自一张档案照片，大约1885年）,创作者为,刘（美国人，1948-2021）
长码头：中国垃圾（三个优雅）（来自一张档案照片，大约1885年）,材质为,布面油画
长码头：中国垃圾（三个优雅）（来自一张档案照片，大约1885年）,尺寸为,总计：高54 3/16英寸×宽36 1/16英寸×深1 9/16英寸（137.6厘米×91.6厘米×4厘米）
长码头：中国垃圾（三个优雅）（来自一张档案照片，大约1885年）,类型为,绘画
长码头：中国垃圾（三个优雅）（来自一张档案照片，大约1885年）,位于,旧金山亚洲艺术博物馆
长码头：中国垃圾（三个优雅）（来自一张档案照片，大约1885年）,创作者为,刘（美国人，1948-2021）
长码头：中国垃圾（三个优雅）（来自一张档案照片，大约1885年）,材质为,布面油画
长码头：中国垃圾（三个优雅）（来自一张档案照片，大约1885年）,尺寸为,高54 1/4英寸x 宽36英寸x 深1 1/2英寸，高137.8厘米x 宽91.4厘米x 深3.8厘米
长码头：中国垃圾（三个优雅）（来自一张档案照片，大约1885年）,类型为,绘画
长码头：中国垃圾（三个优雅）（来自一张档案照片，大约1885年）,位于,旧金山亚洲艺术博物馆
中国女性正式的家用短上衣,处于的年代,清朝（1644-1911）
中国女性正式的家用短上衣,材质为,丝绸锦缎，绣有缎带和缎带
中国女性正式的家用短上衣,尺寸为,高39 3/4英寸x 宽61 1/2英寸，高100.1厘米x 宽156.2厘米
中国女性正式的家用短上衣,类型为,纺织品
中国女性正式的家用短上衣,位于,旧金山亚洲艺术博物馆
学者下棋的鼻烟瓶,处于的年代,清朝（1644-1911），道光皇帝统治时期（1821-1850）
学者下棋的鼻烟瓶,材质为,白釉下涂有蓝色装饰的瓷器，有轻微裂纹
学者下棋的鼻烟瓶,尺寸为,H.3英寸
学者下棋的鼻烟瓶,类型为,陶瓷
学者下棋的鼻烟瓶,位于,旧金山亚洲艺术博物馆
中式鼻烟壶,材质为,镶嵌皂石、珍珠、珊瑚和珍珠母的漆器
中式鼻烟壶,尺寸为,高 4 1/8 英寸 x 宽 2 5/8 英寸 直径 3/4 英寸，高 10.4 厘米 x 宽 6.5 厘米 x 直径 3/4 厘米
中式鼻烟壶,类型为,装饰艺术
中式鼻烟壶,位于,旧金山亚洲艺术博物馆
浅碗,材质为,白底蓝红相间的瓷器
浅碗,尺寸为,高4英寸x直径15英寸，高10.2厘米x直径38.1厘米
浅碗,类型为,陶瓷
浅碗,位于,旧金山亚洲艺术博物馆
代表中国灯笼，两个灯笼中的一个,处于的年代,清朝（1644-1911）
代表中国灯笼，两个灯笼中的一个,材质为,木材
代表中国灯笼，两个灯笼中的一个,尺寸为,高81 1/2英寸x宽22 1/2英寸
代表中国灯笼，两个灯笼中的一个,类型为,装饰艺术
代表中国灯笼，两个灯笼中的一个,位于,旧金山亚洲艺术博物馆
抵制设计的中国女式裙子,材质为,缎面和锦缎，带有抗蚀设计
抵制设计的中国女式裙子,尺寸为,高37 1/4英寸x 宽13英寸，高95厘米x 宽33厘米
抵制设计的中国女式裙子,类型为,纺织品
抵制设计的中国女式裙子,位于,旧金山亚洲艺术博物馆
中国女人的裙子,材质为,金色绣花纱布
中国女人的裙子,尺寸为,高 38 1/4 英寸 x 宽 14 1/4 英寸，高 97 厘米 x 宽 36 厘米
中国女人的裙子,类型为,纺织品
中国女人的裙子,位于,旧金山亚洲艺术博物馆
中国女人百褶裙,处于的年代,清朝（1644-1911）
中国女人百褶裙,材质为,金银绣花纱布
中国女人百褶裙,尺寸为,高36英寸x 宽13英寸，高91厘米x 宽33厘米
中国女人百褶裙,类型为,纺织品
中国女人百褶裙,位于,旧金山亚洲艺术博物馆
代表中国灯笼，一对中的一个,处于的年代,清朝（1644-1911）
代表中国灯笼，一对中的一个,材质为,木材
代表中国灯笼，一对中的一个,尺寸为,H.81 1/2英寸x W.17 1/2英寸；W.22.5在基地
代表中国灯笼，一对中的一个,类型为,装饰艺术
代表中国灯笼，一对中的一个,位于,旧金山亚洲艺术博物馆
中国女人的婚纱,处于的年代,清朝（1644-1911）
中国女人的婚纱,材质为,丝绸锦缎刺绣
中国女人的婚纱,尺寸为,高38英寸x 宽46英寸，高96.5厘米x 宽116.7厘米
中国女人的婚纱,类型为,纺织品
中国女人的婚纱,位于,旧金山亚洲艺术博物馆
罗汉头像,处于的年代,明朝（1368-1644）
罗汉头像,材质为,有色素痕迹的白杨树
罗汉头像,尺寸为,高 11 1/2 英寸 x 宽 7 1/4 英寸 x 深 10 英寸，高 29.2 厘米 x 宽 18.4 厘米 x 深 25.4 厘米
罗汉头像,类型为,雕塑
罗汉头像,位于,旧金山亚洲艺术博物馆
白菜形状的鼻烟瓶,处于的年代,清朝（1644-1911）
白菜形状的鼻烟瓶,材质为,釉面瓷器
白菜形状的鼻烟瓶,尺寸为,H.3 1/2英寸
白菜形状的鼻烟瓶,类型为,装饰艺术
白菜形状的鼻烟瓶,位于,旧金山亚洲艺术博物馆
白菜（白菜）,创作者为,孔伯玉（1916-2015）
白菜（白菜）,材质为,水墨纸本
白菜（白菜）,尺寸为,高18英寸x 宽24英寸；高 45.7 厘米 x 宽 61 厘米
白菜（白菜）,类型为,绘画
白菜（白菜）,位于,旧金山亚洲艺术博物馆
上衣和中国女式百褶裙,处于的年代,清朝（1644-1911）
上衣和中国女式百褶裙,材质为,棉质上衣和缎质裙子，有金、银和丝绸刺绣
上衣和中国女式百褶裙,尺寸为,高38 3/4英寸x 宽49 1/2英寸，高98.4厘米x 宽125.7厘米（顶部）；高 38 英寸 x 宽 43 英寸，高 96.5 厘米 x 宽 109.2 厘米（裙子）
上衣和中国女式百褶裙,类型为,纺织品
上衣和中国女式百褶裙,位于,旧金山亚洲艺术博物馆
中国女人的婚纱,处于的年代,清朝（1644-1911）
中国女人的婚纱,材质为,刺绣锦缎
中国女人的婚纱,尺寸为,W. 110 x L. 35 1/4 在裙子；W. 43 在腰带
中国女人的婚纱,类型为,纺织品
中国女人的婚纱,位于,旧金山亚洲艺术博物馆
中国女子百褶裙,处于的年代,清朝（1644-1911）
中国女子百褶裙,材质为,丝织物
中国女子百褶裙,尺寸为,高39英寸，高99.0厘米
中国女子百褶裙,类型为,纺织品
中国女子百褶裙,位于,旧金山亚洲艺术博物馆
长码头：中国垃圾（三个优雅）（来自一张档案照片，大约1885年）,创作者为,刘（美国人，1948-2021）
长码头：中国垃圾（三个优雅）（来自一张档案照片，大约1885年）,材质为,布面油画
长码头：中国垃圾（三个优雅）（来自一张档案照片，大约1885年）,尺寸为,总计：高54 3/16英寸×宽36 1/16英寸×深1 9/16英寸（137.6厘米×91.6厘米×4厘米）
长码头：中国垃圾（三个优雅）（来自一张档案照片，大约1885年）,类型为,绘画
长码头：中国垃圾（三个优雅）（来自一张档案照片，大约1885年）,位于,旧金山亚洲艺术博物馆
长码头：中国虾垃圾II,创作者为,刘（美国人，1948-2021）
长码头：中国虾垃圾II,材质为,OIl在成形画布上
长码头：中国虾垃圾II,尺寸为,整体（A）：高42 1/2英寸×宽28英寸×深1 9/16英寸（108厘米×71.1厘米×4厘米） 整体（B）：高3 1/4英寸×宽15 1/4英寸×深1 9/16英寸（8.3厘米×38.7厘米×4厘米）
长码头：中国虾垃圾II,类型为,绘画
长码头：中国虾垃圾II,位于,旧金山亚洲艺术博物馆
女式茄克衫,处于的年代,清朝（1644-1911）
女式茄克衫,材质为,日本和中国丝绸、镀金纽扣和进口编织物
女式茄克衫,尺寸为,高 35 1/2 英寸 x 宽 60 1/2 英寸，高 90.2 厘米 x 宽 153.7 厘米
女式茄克衫,类型为,纺织品
女式茄克衫,位于,旧金山亚洲艺术博物馆
陶瓷面板折叠屏,材质为,红木与瓷器
陶瓷面板折叠屏,尺寸为,高68 1/2英寸×宽64英寸（174厘米×40.6厘米）
陶瓷面板折叠屏,类型为,装饰艺术
陶瓷面板折叠屏,位于,旧金山亚洲艺术博物馆
侧椅，一对中的一把,材质为,红木
侧椅，一对中的一把,尺寸为,总：高40 1/8英寸×宽20 7/8英寸×深17 1/8英寸（101.9厘米×53厘米×43.5厘米）
侧椅，一对中的一把,类型为,装饰艺术
侧椅，一对中的一把,位于,旧金山亚洲艺术博物馆
侧椅，一对中的一把,材质为,红木
侧椅，一对中的一把,尺寸为,总：高41 3/8英寸×宽20 3/8英寸×深16 7/8英寸（105.1厘米×51.8厘米×42.9厘米）
侧椅，一对中的一把,类型为,装饰艺术
侧椅，一对中的一把,位于,旧金山亚洲艺术博物馆
带弧形休息的学者扶手椅，一对中的一把,材质为,榆木
带弧形休息的学者扶手椅，一对中的一把,尺寸为,总：高36 3/4英寸×宽24 3/8英寸×深24 1/4英寸（93.3厘米×61.9厘米×61.6厘米）
带弧形休息的学者扶手椅，一对中的一把,类型为,装饰艺术
带弧形休息的学者扶手椅，一对中的一把,位于,旧金山亚洲艺术博物馆
带弧形休息的学者扶手椅，一对中的一把,材质为,榆木
带弧形休息的学者扶手椅，一对中的一把,尺寸为,总：高36 7/8英寸×宽24 1/8英寸×深25 3/4英寸（93.7厘米×61.3厘米×65.4厘米）
带弧形休息的学者扶手椅，一对中的一把,类型为,装饰艺术
带弧形休息的学者扶手椅，一对中的一把,位于,旧金山亚洲艺术博物馆
带角腿的边桌,材质为,黄花梨（中国红木）
带角腿的边桌,尺寸为,总：高35英寸×宽46英寸7/8英寸×深17英寸1/2英寸（88.9厘米×119.1厘米×44.5厘米）
带角腿的边桌,类型为,装饰艺术
带角腿的边桌,位于,旧金山亚洲艺术博物馆
Yoke背椅（guanmaoyi），一对中的一把,材质为,黄花梨（中国红木）
Yoke背椅（guanmaoyi），一对中的一把,尺寸为,总：高42英寸×宽231/4英寸×深193/4英寸（106.7厘米×59.1厘米×50.2厘米）
Yoke背椅（guanmaoyi），一对中的一把,类型为,装饰艺术
Yoke背椅（guanmaoyi），一对中的一把,位于,旧金山亚洲艺术博物馆
Yoke背椅（guanmaoyi），一对中的一把,材质为,黄花梨（中国红木）
Yoke背椅（guanmaoyi），一对中的一把,尺寸为,总计：高41 15/16英寸×宽23 1/4英寸×深19 3/4英寸（106.5厘米×59.1厘米×50.2厘米）
Yoke背椅（guanmaoyi），一对中的一把,类型为,装饰艺术
Yoke背椅（guanmaoyi），一对中的一把,位于,旧金山亚洲艺术博物馆
圆形盘子,材质为,漆；红、绿、黑
圆形盘子,尺寸为,长3/4英寸x直径7 7/8英寸，长1.9厘米x直径20.1厘米
圆形盘子,类型为,装饰艺术
圆形盘子,位于,旧金山亚洲艺术博物馆
书法,创作者为,米光江（哈吉·努尔·迪恩）（1963年生）
书法,材质为,水墨纸本
书法,尺寸为,高35 3/4英寸x 宽20 3/4英寸，高90.8厘米x 宽36.2厘米（图片）；高54 1/4英寸x 宽20 3/4英寸，高137.8厘米x 宽52.7厘米（总）
书法,类型为,绘画
书法,位于,旧金山亚洲艺术博物馆
黄高粱之梦,处于的年代,清朝（1644-1911），康熙皇帝统治时期（1662-1722）
黄高粱之梦,创作者为,张仁军（中文）
黄高粱之梦,材质为,纸上的墨水和颜色
黄高粱之梦,尺寸为,高 12 英寸 x 宽 24 1/8 英寸，高 30.48 厘米 x 宽 61.28 厘米
黄高粱之梦,类型为,绘画
黄高粱之梦,位于,旧金山亚洲艺术博物馆
桃子和杨梅代表幸福和长寿,创作者为,李伟信（中文，1947年出生）
桃子和杨梅代表幸福和长寿,材质为,纸上的墨水和颜色
桃子和杨梅代表幸福和长寿,尺寸为,高46 3/4英寸x宽25英寸，高119厘米x宽63.5厘米（总尺寸）
桃子和杨梅代表幸福和长寿,类型为,绘画
桃子和杨梅代表幸福和长寿,位于,旧金山亚洲艺术博物馆
花、松、竹,处于的年代,清朝（1644-1911）
花、松、竹,创作者为,顾芳（1650-1700）
花、松、竹,材质为,丝绸上的墨水和颜色
花、松、竹,尺寸为,高 97 英寸 x 宽 28 1/8 英寸，高 246.4 厘米 x 宽 71.4 厘米（整体）；高55 1/2英寸x 宽22 7/8英寸，高141.0厘米x 宽58.1厘米（图片）
花、松、竹,类型为,绘画
花、松、竹,位于,旧金山亚洲艺术博物馆
带有欧洲图案的六角形茶壶,处于的年代,清朝（1644-1911）
带有欧洲图案的六角形茶壶,材质为,金属搪瓷
带有欧洲图案的六角形茶壶,尺寸为,高7英寸x 宽4英寸，高18厘米x 宽10.15厘米
带有欧洲图案的六角形茶壶,类型为,金属艺术
带有欧洲图案的六角形茶壶,位于,旧金山亚洲艺术博物馆
母与子,创作者为,林风眠（1900-1991）
母与子,材质为,纸上的墨水和颜色
母与子,尺寸为,高 15 英寸 x 宽 12 1/4 英寸，高 38 英寸 x 宽 31 英寸（图片）；高29英寸x 宽22英寸，高71.1厘米x 宽55.9厘米（整体垫）
母与子,类型为,绘画
母与子,位于,旧金山亚洲艺术博物馆
树木和人物,创作者为,林风眠（1900-1991）
树木和人物,材质为,纸上的墨水和颜色
树木和人物,尺寸为,图片：高11 3/4英寸×宽14 3/4英寸（29.8厘米×37.5厘米）
树木和人物,类型为,绘画
树木和人物,位于,旧金山亚洲艺术博物馆
《卫报》韦托,处于的年代,明朝（1368-1644）
《卫报》韦托,材质为,丝绸上的墨水和颜色
《卫报》韦托,尺寸为,高66 1/4英寸x 宽38 1/2英寸，高168.3厘米x 宽97.8厘米
《卫报》韦托,类型为,绘画
《卫报》韦托,位于,旧金山亚洲艺术博物馆
心谷5号,创作者为,黄（生于1936年）
心谷5号,材质为,纸上的墨水和颜色
心谷5号,尺寸为,高35 1/4英寸x 宽35 1/4英寸，高89.5厘米x 宽89.5厘米（图片）；高 41 英寸 x 宽 40 3/4 英寸，高 104.1 厘米 x 宽 103.5 厘米（整体）
心谷5号,类型为,绘画
心谷5号,位于,旧金山亚洲艺术博物馆
犀牛形状的仪式容器,处于的年代,商朝（约公元前1600-1050年）
犀牛形状的仪式容器,材质为,青铜
犀牛形状的仪式容器,尺寸为,高 9 英寸 x 宽 9 英寸 x 深 14 1/2 英寸，高 22.8 厘米 x 宽 22.8 厘米 x 深 32.8
犀牛形状的仪式容器,类型为,金属艺术
犀牛形状的仪式容器,位于,旧金山亚洲艺术博物馆
台湾神木,创作者为,张大千（1899-1983）
台湾神木,材质为,纸上的墨水和颜色
台湾神木,尺寸为,框架：高59 5/8英寸×宽83 7/16英寸×深1 1/4英寸（151.4厘米×211.9厘米×3.2厘米） 图片：高58 3/8英寸×宽82 7/16英寸（148.3厘米×209.4厘米）
台湾神木,类型为,绘画
台湾神木,位于,旧金山亚洲艺术博物馆
描绘花园中学者的花瓶,处于的年代,明朝（1368-1644）
描绘花园中学者的花瓶,材质为,釉下装饰瓷器
描绘花园中学者的花瓶,尺寸为,高11英寸x直径6英寸，高27.9厘米x直径15.2厘米
描绘花园中学者的花瓶,类型为,陶瓷
描绘花园中学者的花瓶,位于,旧金山亚洲艺术博物馆
罐子,处于的年代,唐朝（618-907）
罐子,材质为,釉陶
罐子,尺寸为,高6 3/4英寸x 直径4 5/8英寸，高16.8厘米x 直径10.2厘米
罐子,类型为,陶瓷
罐子,位于,旧金山亚洲艺术博物馆
龙盘,处于的年代,明朝（1368-1644），嘉靖皇帝统治时期（1522-1566）
龙盘,材质为,釉下装饰瓷器
龙盘,尺寸为,高1 3/4英寸x直径8 3/4英寸，高4.5厘米x直径22.3厘米
龙盘,类型为,陶瓷
龙盘,位于,旧金山亚洲艺术博物馆
罐子,处于的年代,唐朝（618-907）
罐子,材质为,釉陶
罐子,尺寸为,高7 1/4英寸x 直径8 1/2英寸，高18.4厘米x 直径21.6厘米
罐子,类型为,陶瓷
罐子,位于,旧金山亚洲艺术博物馆
菜肴,处于的年代,明朝（1368-1644）
菜肴,材质为,釉下装饰瓷器
菜肴,尺寸为,高 2 3/4 英寸 x 直径 15 1/8 英寸，高 7 厘米 x 直径 38.4 厘米
菜肴,类型为,陶瓷
菜肴,位于,旧金山亚洲艺术博物馆
灯,处于的年代,唐朝（618-907）
灯,材质为,釉陶
灯,尺寸为,高18 5/8英寸x 直径8 1/4英寸，高47.9厘米x 直径21厘米
灯,类型为,陶瓷
灯,位于,旧金山亚洲艺术博物馆
带飞鹅的盘子,处于的年代,唐朝（618-907）
带飞鹅的盘子,材质为,釉陶
带飞鹅的盘子,尺寸为,高2 1/2英寸x 直径11 1/8英寸，高6.3厘米x 直径28.6厘米
带飞鹅的盘子,类型为,陶瓷
带飞鹅的盘子,位于,旧金山亚洲艺术博物馆
苏州拙政园,创作者为,吴冠中（1919-2010）
苏州拙政园,材质为,纸上的墨水和颜色
苏州拙政园,尺寸为,高29 3/8英寸x 宽37 3/8英寸，高74.6厘米x 宽96.2厘米（图片）；高 83 1/2 英寸 x 宽 42 5/8 英寸，高 212.1 厘米 x 宽 108.2 厘米（整体）
苏州拙政园,类型为,绘画
苏州拙政园,位于,旧金山亚洲艺术博物馆
吉祥公鸡,创作者为,张明德（1945年生）
吉祥公鸡,材质为,纸上的墨水和颜色
吉祥公鸡,尺寸为,高44英寸x 宽21英寸5/8英寸，高111.8厘米x 宽54.9厘米（图片）；高 74 1/4 英寸 x 宽 28 1/2 英寸，高 188.6 厘米 x 宽 72.4 厘米
吉祥公鸡,类型为,绘画
吉祥公鸡,位于,旧金山亚洲艺术博物馆
花形盘子,处于的年代,唐朝（618-907）
花形盘子,材质为,釉陶
花形盘子,尺寸为,高 2 1/8 英寸 x 直径 10 7/8 英寸，高 5.4 厘米 x 直径 27.7 厘米
花形盘子,类型为,陶瓷
花形盘子,位于,旧金山亚洲艺术博物馆
双耳瓶,处于的年代,唐朝（618-907）
双耳瓶,材质为,釉陶
双耳瓶,尺寸为,高 7 3/4 x 直径 4 1/4 英寸，高 19.7 厘米 x 直径 10.8 厘米
双耳瓶,类型为,陶瓷
双耳瓶,位于,旧金山亚洲艺术博物馆
抽象,创作者为,周（1924-2011）
抽象,材质为,纸上的墨水和丙烯酸
抽象,尺寸为,图片：高19 1/8×宽24英寸（48.6×61厘米）总体：高24 1/8×宽27 1/2英寸（61.3×69.9厘米）
抽象,类型为,绘画
抽象,位于,旧金山亚洲艺术博物馆
昆灿《天台草堂图》后的山水,创作者为,张尚普（美籍华人，1918-2021）
昆灿《天台草堂图》后的山水,材质为,纸上的墨水和颜色
昆灿《天台草堂图》后的山水,尺寸为,高52 1/2英寸x 宽20 1/4英寸，高133.3厘米x 宽51.4厘米（图片）；高 62 3/4 英寸 x 宽 24 1/2 英寸，高 159.4 厘米 x 宽 62.2 厘米（整体）
昆灿《天台草堂图》后的山水,类型为,绘画
昆灿《天台草堂图》后的山水,位于,旧金山亚洲艺术博物馆
壶,处于的年代,清朝（1644-1911），康熙皇帝统治时期（1662-1722）
壶,材质为,釉上彩瓷
壶,尺寸为,高 7 5/8 英寸 x 宽 9 1/2 英寸 x 深 6 3/4 英寸，高 19.5 厘米 x 宽 24.1 厘米 x 深 17.1 厘米
壶,类型为,陶瓷
壶,位于,旧金山亚洲艺术博物馆
带盖圆形盒子,处于的年代,唐朝（618-907）
带盖圆形盒子,材质为,釉陶
带盖圆形盒子,尺寸为,高 1 1/2 英寸 x 直径 4 英寸，高 3.8 厘米 直径 10.2 厘米
带盖圆形盒子,类型为,陶瓷
带盖圆形盒子,位于,旧金山亚洲艺术博物馆
里面涂有石榴的鼻烟壶,创作者为,叶淑英（中国人，活跃于1930-1960年）
里面涂有石榴的鼻烟壶,材质为,带有墨水和颜色的水晶
里面涂有石榴的鼻烟壶,尺寸为,高 2 7/8 英寸 x 宽 2 英寸，高 7.3 厘米 x 宽 5.1 厘米
里面涂有石榴的鼻烟壶,类型为,装饰艺术
里面涂有石榴的鼻烟壶,位于,旧金山亚洲艺术博物馆
来自喜马拉雅的暖风,创作者为,明任（生于1956年）
来自喜马拉雅的暖风,材质为,纸上的墨水和颜色
来自喜马拉雅的暖风,尺寸为,高71英寸x宽311/8英寸，高180.3厘米x宽79.1厘米（整体）；高43英寸x 宽25英寸5/8英寸，高109.2厘米x 宽65.1厘米（图片）
来自喜马拉雅的暖风,类型为,绘画
来自喜马拉雅的暖风,位于,旧金山亚洲艺术博物馆
鱼和水草，一对一个,处于的年代,元朝（1271-1368）
鱼和水草，一对一个,创作者为,莱安（中国人，1250-1350）
鱼和水草，一对一个,材质为,水墨纸本
鱼和水草，一对一个,尺寸为,高38 7/8英寸x 宽21 1/4英寸，高98.7厘米x 宽54厘米（图片）；高 77 1/2 英寸 x 宽 27 5/8 英寸，高 196.9 厘米 x 宽 70.2 厘米（整体）
鱼和水草，一对一个,类型为,绘画
鱼和水草，一对一个,位于,旧金山亚洲艺术博物馆
鱼和水草，一对一个,处于的年代,元朝（1271-1368）
鱼和水草，一对一个,创作者为,莱安（中国人，1250-1350）
鱼和水草，一对一个,材质为,水墨纸本
鱼和水草，一对一个,尺寸为,高 39 英寸 x 宽 21 1/4 英寸，高 99.1 厘米 x 宽 54 厘米（图片）；高77 3/8英寸x 宽27 5/8英寸，高196.5厘米x 宽70.2厘米（总）
鱼和水草，一对一个,类型为,绘画
鱼和水草，一对一个,位于,旧金山亚洲艺术博物馆
带盖扁六角瓶,处于的年代,明朝（1368-1644）
带盖扁六角瓶,材质为,带釉下装饰和木盖的瓷器
带盖扁六角瓶,尺寸为,高 4 3/4 英寸 x 宽 3 7/8 英寸 x 深 2 3/8 英寸，高 12.1 厘米 x 宽 9.8 厘米 x 深 6.0 厘米
带盖扁六角瓶,类型为,陶瓷
带盖扁六角瓶,位于,旧金山亚洲艺术博物馆
用渔网喂养婴儿,创作者为,杨延平（生于1934年）
用渔网喂养婴儿,材质为,纸上的墨水和颜色
用渔网喂养婴儿,尺寸为,高66英寸x宽24英寸，高167.6厘米x宽61.0厘米（总尺寸）
用渔网喂养婴儿,类型为,绘画
用渔网喂养婴儿,位于,旧金山亚洲艺术博物馆
有云和凤凰设计的带盖容器,材质为,木制和青铜配件上的漆，镶嵌银
有云和凤凰设计的带盖容器,尺寸为,总：高7英寸×宽4英寸7/8英寸×深6英寸3/8英寸（17.8厘米×12.4厘米×16.2厘米）
有云和凤凰设计的带盖容器,类型为,装饰艺术
有云和凤凰设计的带盖容器,位于,旧金山亚洲艺术博物馆
秋荷,创作者为,杨延平（生于1934年）
秋荷,材质为,纸上的墨水和颜色
秋荷,尺寸为,高27英寸x 宽531/2英寸，高68.6厘米x 宽135.9厘米（图片）；高 33 1/2 英寸 x 宽 66 3/8 英寸，高 85.1 厘米 x 宽 168.6 厘米（整体）
秋荷,类型为,绘画
秋荷,位于,旧金山亚洲艺术博物馆
香港落基群岛,创作者为,张尚普（美籍华人，1918-2021）
香港落基群岛,材质为,水墨纸本
香港落基群岛,尺寸为,高23 1/2英寸x 宽47 3/4英寸，高59.7厘米x 宽121.3厘米（图片）；高28 11/16英寸 x 宽55 5/8英寸，高72.9厘米 x 宽141.3厘米（整体）
香港落基群岛,类型为,绘画
香港落基群岛,位于,旧金山亚洲艺术博物馆
龙盘,处于的年代,明朝（1368-1644），正德皇帝统治时期（1506-1521）
龙盘,材质为,釉下装饰瓷器
龙盘,尺寸为,高1 3/4英寸x直径9英寸，高4.5厘米x直径22.9厘米
龙盘,类型为,陶瓷
龙盘,位于,旧金山亚洲艺术博物馆
松树与溪流,创作者为,张大千（1899-1983）
松树与溪流,材质为,水墨纸本
松树与溪流,尺寸为,高50 3/8英寸×宽25 1/2英寸，高128厘米×宽64.8厘米（图片），高85 3/8英寸×宽33 1/4英寸，高216.9厘米×宽84.5厘米（整体）
松树与溪流,类型为,绘画
松树与溪流,位于,旧金山亚洲艺术博物馆
香蕉叶,创作者为,张大千（1899-1983）
香蕉叶,材质为,水墨纸本
香蕉叶,尺寸为,高 95 1/4 英寸 x 宽 38 3/8 英寸，高 241.9 厘米 x 宽 97.5 厘米（整体）；高56 1/8英寸x 宽28 1/2英寸，高142.6厘米x 宽72.4厘米（图片）
香蕉叶,类型为,绘画
香蕉叶,位于,旧金山亚洲艺术博物馆
云雾缭绕的山脉,创作者为,张大千（1899-1983）
云雾缭绕的山脉,材质为,水墨纸本
云雾缭绕的山脉,尺寸为,框架：高59 5/8英寸×宽83 7/16英寸×深1 1/4英寸（150.2厘米×211.9厘米×3.2厘米） 图片：高58 5/8英寸×宽82 7/16英寸（147.6厘米×209.4厘米）
云雾缭绕的山脉,类型为,绘画
云雾缭绕的山脉,位于,旧金山亚洲艺术博物馆
春云,创作者为,张大千（1899-1983）
春云,材质为,金纸上的墨水和颜色
春云,尺寸为,图片：高17 1/2英寸×宽23 1/4英寸（44.5厘米×59.1厘米）总体：高18英寸×宽23.5/8英寸（45.7厘米×60厘米）哑光：高28英寸×宽32英寸（71.1厘米×81.3厘米）
春云,类型为,绘画
春云,位于,旧金山亚洲艺术博物馆
蘑菇和卷心菜,创作者为,张大千（1899-1983）
蘑菇和卷心菜,材质为,纸上的墨水和颜色
蘑菇和卷心菜,尺寸为,图片：高17 1/2英寸×宽20 5/8英寸（44.5厘米×52.4厘米） 光滑：高21 7/8英寸×宽28英寸（55.6厘米×71.1厘米）
蘑菇和卷心菜,类型为,绘画
蘑菇和卷心菜,位于,旧金山亚洲艺术博物馆
半草书结婚联（行书）,创作者为,黄杰（1873-1935）
半草书结婚联（行书）,材质为,金色斑点丝绸上的墨水
半草书结婚联（行书）,尺寸为,高 69 1/2 英寸 x 宽 11 5/8 英寸，高 176.5 厘米 x 宽 29.5 厘米（整体）；高51 1/2英寸x 宽8 1/2英寸，高130.8厘米x 宽21.6厘米（图片）
半草书结婚联（行书）,类型为,绘画
半草书结婚联（行书）,位于,旧金山亚洲艺术博物馆
祖国万岁，上海第一,创作者为,陈满（1980年出生）
祖国万岁，上海第一,材质为,亚克力面贴印花
祖国万岁，上海第一,尺寸为,高52英寸x宽511/4英寸，高132.1厘米x宽130.2厘米
祖国万岁，上海第一,类型为,摄影
祖国万岁，上海第一,位于,旧金山亚洲艺术博物馆
桃绿梅伴诗,处于的年代,清朝（1644-1911）
桃绿梅伴诗,创作者为,谭虎（1800-1900）
桃绿梅伴诗,材质为,金色纸张上的墨水和颜色
桃绿梅伴诗,尺寸为,高 12 英寸 x 宽 24 1/8 英寸，高 30.48 厘米 x 宽 61.28 厘米
桃绿梅伴诗,类型为,绘画
桃绿梅伴诗,位于,旧金山亚洲艺术博物馆
夜晚的荷花池,创作者为,何（生于1927年）
夜晚的荷花池,材质为,纸上的墨水和颜色
夜晚的荷花池,尺寸为,高49 1/2英寸x 宽26 3/4英寸，高125.7厘米x 宽68.0厘米
夜晚的荷花池,类型为,绘画
夜晚的荷花池,位于,旧金山亚洲艺术博物馆
丰衣足食,创作者为,何（生于1927年）
丰衣足食,材质为,纸上的墨水和颜色
丰衣足食,尺寸为,高83 3/4英寸x宽28 3/8英寸，高213厘米x宽72厘米（总尺寸）
丰衣足食,类型为,绘画
丰衣足食,位于,旧金山亚洲艺术博物馆
八宝佛盆,处于的年代,明朝（1368-1644），永乐皇帝统治时期（1403-1424）
八宝佛盆,材质为,釉下钴装饰瓷器
八宝佛盆,尺寸为,高 5 1/2 英寸 x 直径 12 1/4 英寸，高 14 厘米 x 直径 31.1 厘米
八宝佛盆,类型为,陶瓷
八宝佛盆,位于,旧金山亚洲艺术博物馆
木桶形状的容器（mizusashi，淡水容器）,处于的年代,明朝（1368-1644）
木桶形状的容器（mizusashi，淡水容器）,材质为,釉下装饰瓷器
木桶形状的容器（mizusashi，淡水容器）,尺寸为,高10 3/8英寸x 直径7 1/4英寸，高26.4厘米x 直径18.4厘米
木桶形状的容器（mizusashi，淡水容器）,类型为,陶瓷
木桶形状的容器（mizusashi，淡水容器）,位于,旧金山亚洲艺术博物馆
桃子与书法,创作者为,方兆玲（1914-2006）
桃子与书法,材质为,纸上的墨水和颜色
桃子与书法,尺寸为,高 38 英寸 x 宽 22 3/4 英寸，高 96.5 厘米 x 宽 57.8 厘米（图片）；高 84 3/4 英寸 x 宽 30 1/2 英寸，高 215.3 厘米 x 宽 77.5 厘米（整体）
桃子与书法,类型为,绘画
桃子与书法,位于,旧金山亚洲艺术博物馆
老虎,创作者为,方兆玲（1914-2006）
老虎,材质为,纸上的墨水和颜色
老虎,尺寸为,高37 1/2英寸x 宽21英寸，高95.2厘米x 宽53.3厘米9图片）；高102英寸x 宽321/2英寸，高259.1厘米x 宽82.5厘米（整体）
老虎,类型为,绘画
老虎,位于,旧金山亚洲艺术博物馆
莲花,创作者为,方兆玲（1914-2006）
莲花,材质为,水墨纸本
莲花,尺寸为,高54 1/4英寸x 宽27英寸，高137.8英寸x 宽68.6厘米（图片）；高91英寸x 宽37英寸，高231.1厘米x 宽94厘米（总体）
莲花,类型为,绘画
莲花,位于,旧金山亚洲艺术博物馆
瀑布旁的樱花,创作者为,何（生于1927年）
瀑布旁的樱花,材质为,纸上的墨水和颜色
瀑布旁的樱花,尺寸为,高83 1/2英寸x宽33 1/4英寸，高212.1厘米x宽84.5厘米（总尺寸）
瀑布旁的樱花,类型为,绘画
瀑布旁的樱花,位于,旧金山亚洲艺术博物馆
老柏树,创作者为,何（生于1927年）
老柏树,材质为,纸上的墨水和颜色
老柏树,尺寸为,高20 1/2英寸x 宽47英寸，高52厘米x 宽119厘米
老柏树,类型为,绘画
老柏树,位于,旧金山亚洲艺术博物馆
礼器（刚果）,材质为,软玉
礼器（刚果）,尺寸为,高 2 1/4 英寸 x 宽 3 5/8 英寸 x 深 3 5/8 英寸，高 5.7 厘米 x 宽 9.2 厘米 x 深 9.2 厘米
礼器（刚果）,类型为,玉石与石头
礼器（刚果）,位于,旧金山亚洲艺术博物馆
公元338年的佛像,处于的年代,后赵国（319-351）
公元338年的佛像,材质为,镀金青铜
公元338年的佛像,尺寸为,高 15 3/4 英寸 x 宽 9 1/2 英寸 x 深 5 1/4 英寸，高 40 厘米 x 宽 24.1 厘米 x 深 13.3 厘米
公元338年的佛像,类型为,雕塑
公元338年的佛像,位于,旧金山亚洲艺术博物馆
带动物面具的圆柱形吊坠,处于的年代,商朝（约公元前1600-1050年）
带动物面具的圆柱形吊坠,材质为,软玉
带动物面具的圆柱形吊坠,尺寸为,长2 1/8英寸x 直径1 1/8英寸，长5.4厘米x 直径2.9厘米
带动物面具的圆柱形吊坠,类型为,玉石与石头
带动物面具的圆柱形吊坠,位于,旧金山亚洲艺术博物馆
礼器（刚果）,处于的年代,商朝（约公元前1600-1050年）
礼器（刚果）,材质为,软玉
礼器（刚果）,尺寸为,高 6 5/16 英寸 x 直径 3 1/4 英寸，高 16.04 厘米 x 直径 8.3 厘米
礼器（刚果）,类型为,玉石与石头
礼器（刚果）,位于,旧金山亚洲艺术博物馆
罗纹手镯,处于的年代,商朝（约公元前1600-1050年）或更早
罗纹手镯,材质为,软玉
罗纹手镯,尺寸为,高2 7/8英寸x 直径2 3/4英寸，高7.3厘米x 直径7厘米；宽度 3/16 英寸，0.5 厘米
罗纹手镯,类型为,玉石与石头
罗纹手镯,位于,旧金山亚洲艺术博物馆
凯蒂和竹子,创作者为,赵少安（1905-1998）
凯蒂和竹子,材质为,纸上的墨水和颜色
凯蒂和竹子,尺寸为,高11 7/8英寸x 宽14 3/4英寸，高30.2厘米x 宽37.5厘米（图片）；高 49 3/4 英寸 x 宽 19 英寸，高 126.4 厘米 x 宽 48.2 厘米（整体）
凯蒂和竹子,类型为,绘画
凯蒂和竹子,位于,旧金山亚洲艺术博物馆
《云与山》，灵感来自黄,创作者为,张尚普（美籍华人，1918-2021）
《云与山》，灵感来自黄,材质为,纸上的墨水和颜色
《云与山》，灵感来自黄,尺寸为,图片：高13×宽25 7/8英寸（33×65.7厘米）总体：高17 1/2×宽36 5/16英寸（44.5×92.2厘米）
《云与山》，灵感来自黄,类型为,绘画
《云与山》，灵感来自黄,位于,旧金山亚洲艺术博物馆
钓鱼归来,创作者为,张尚普（美籍华人，1918-2021）
钓鱼归来,材质为,纸上的墨水和颜色
钓鱼归来,尺寸为,图片：高23 3/4×宽23 3/4英寸（60.3×60.3厘米）总体：高27 1/2×宽27 1/2英寸（69.9×69.9厘米）
钓鱼归来,类型为,绘画
钓鱼归来,位于,旧金山亚洲艺术博物馆
鼻烟壶,创作者为,苏凤玉（1960年生）
鼻烟壶,材质为,瓶子：水晶墨水；塞子：翡翠
鼻烟壶,尺寸为,高 2 1/4 英寸 x 宽 1 1/4 英寸 x 深 3/4 英寸，高 5.7 厘米 x 宽 3.2 厘米 x 深 1.9 厘米
鼻烟壶,类型为,装饰艺术
鼻烟壶,位于,旧金山亚洲艺术博物馆
带喷嘴的手持水罐,处于的年代,明朝（1368-1644）永乐年间（1403-1424）玄德年间（1426-1435）
带喷嘴的手持水罐,材质为,釉下钴装饰瓷器
带喷嘴的手持水罐,尺寸为,高 14 1/2 英寸 x 直径 7 英寸 x 宽 8 1/8 英寸，高 36.8 厘米 x 宽 17.8 厘米 x 深 20.6 厘米
带喷嘴的手持水罐,类型为,陶瓷
带喷嘴的手持水罐,位于,旧金山亚洲艺术博物馆
松树下看瀑布,创作者为,黄君璧（1898-1991）
松树下看瀑布,材质为,纸上的墨水和颜色
松树下看瀑布,尺寸为,高47 1/8英寸x 宽23 1/4英寸，高119.7厘米x 宽59.1厘米（图片）；高96 3/4英寸x 宽31 1/2英寸，高245.7厘米x 宽80厘米（整体）
松树下看瀑布,类型为,绘画
松树下看瀑布,位于,旧金山亚洲艺术博物馆
秋景,创作者为,张尚普（美籍华人，1918-2021）
秋景,材质为,纸上的墨水和颜色
秋景,尺寸为,图片：高47 9/16英寸×宽23 13/16英寸（120.8厘米×60.5厘米）总体：高57 5/16英寸×阔28 3/4英寸（145.6厘米×73厘米）
秋景,类型为,绘画
秋景,位于,旧金山亚洲艺术博物馆
沼泽上的螃蟹,创作者为,张尚普（美籍华人，1918-2021）
沼泽上的螃蟹,材质为,纸上的墨水和颜色
沼泽上的螃蟹,尺寸为,高22 1/2英寸x 宽47 1/2英寸，高57.1厘米x 宽120.6厘米（图片）；高 27 英寸 x 宽 57 3/4 英寸，高 68.6 厘米 x 宽 146.7 厘米（整体）
沼泽上的螃蟹,类型为,绘画
沼泽上的螃蟹,位于,旧金山亚洲艺术博物馆
蹄子形状,材质为,软玉
蹄子形状,尺寸为,高 6 英寸 x 宽 2 3/4 英寸 x 直径 3 3/8 英寸，高 15.2 厘米 x 宽 7 厘米 x 直径 8.6 厘米
蹄子形状,类型为,玉石与石头
蹄子形状,位于,旧金山亚洲艺术博物馆
里面画着一个老人骑在驴上的鼻烟瓶,创作者为,陈忠三（中国人，活跃于1890-1950年）
里面画着一个老人骑在驴上的鼻烟瓶,材质为,带有墨水和颜色的玻璃
里面画着一个老人骑在驴上的鼻烟瓶,尺寸为,高 2 3/4 英寸 x 宽 1 3/4 英寸 x 深 1 英寸，高 7.0 厘米 x 宽 4.4 厘米 x 深 2.5 厘米
里面画着一个老人骑在驴上的鼻烟瓶,类型为,装饰艺术
里面画着一个老人骑在驴上的鼻烟瓶,位于,旧金山亚洲艺术博物馆
牡丹,创作者为,张大千（1899-1983）
牡丹,材质为,纸上的墨水和颜色
牡丹,尺寸为,高21英寸x 宽29英寸，高53.3厘米x 宽73.7厘米
牡丹,类型为,印刷品和图纸
牡丹,位于,旧金山亚洲艺术博物馆
带有栀子花图案的圆形盒子,处于的年代,元朝（1271-1368）
带有栀子花图案的圆形盒子,材质为,剔红
带有栀子花图案的圆形盒子,尺寸为,总：高1 1/4英寸×宽3 3/4英寸×深3 3/4英寸（3.2厘米×9.5厘米×9.5厘米）
带有栀子花图案的圆形盒子,类型为,装饰艺术
带有栀子花图案的圆形盒子,位于,旧金山亚洲艺术博物馆
老重庆夜市,创作者为,徐neneneba习（中国，1940-2015）
老重庆夜市,材质为,纸上的墨水和颜色
老重庆夜市,尺寸为,图片：53 1/8 × 26 1/2 in (134.9 cm × 67.3 cm) 96 1/4 × 31 1/8 in (244.5 cm × 79.1 cm)
老重庆夜市,类型为,绘画
老重庆夜市,位于,旧金山亚洲艺术博物馆
景观,创作者为,方兆玲（1914-2006）
景观,材质为,桑纸上的墨水和颜色
景观,尺寸为,高23 1/2英寸x 宽17 1/4英寸，高59.7厘米x 宽43.8厘米（图片）；高 68 英寸 x 宽 27 1/2 英寸，高 172.7 厘米 x 宽 69.8 厘米（整体）
景观,类型为,绘画
景观,位于,旧金山亚洲艺术博物馆
刻有莫卧儿皇帝沙贾汗名字的葡萄图案盘子,处于的年代,明朝（1368-1644），玄德皇帝统治时期（1426-1435）
刻有莫卧儿皇帝沙贾汗名字的葡萄图案盘子,材质为,釉下蓝色装饰瓷器
刻有莫卧儿皇帝沙贾汗名字的葡萄图案盘子,尺寸为,总体尺寸：高2 7/8英寸×宽14 11/16英寸（7.3厘米×37.3厘米）
刻有莫卧儿皇帝沙贾汗名字的葡萄图案盘子,类型为,陶瓷
刻有莫卧儿皇帝沙贾汗名字的葡萄图案盘子,位于,旧金山亚洲艺术博物馆
仪式用具,材质为,软玉
仪式用具,尺寸为,直径12 5/8英寸x 5/8英寸，直径32.1厘米x 1.59厘米
仪式用具,类型为,玉石与石头
仪式用具,位于,旧金山亚洲艺术博物馆
手镯,处于的年代,商朝（约公元前1600-1050年）
手镯,材质为,软玉
手镯,尺寸为,高5/8英寸x直径2 3/8英寸，高1.59厘米x直径6.03厘米；法兰宽度3/8英寸，1厘米
手镯,类型为,玉石与石头
手镯,位于,旧金山亚洲艺术博物馆
带有莫卧儿装饰的碗,处于的年代,清朝（1644-1911）
带有莫卧儿装饰的碗,材质为,软玉
带有莫卧儿装饰的碗,尺寸为,高2 1/2英寸x 直径6 3/8英寸，高6.35厘米x 直径16.2厘米
带有莫卧儿装饰的碗,类型为,玉石与石头
带有莫卧儿装饰的碗,位于,旧金山亚洲艺术博物馆
蔬菜,创作者为,赵少安（1905-1998）
蔬菜,材质为,纸上的墨水和颜色
蔬菜,尺寸为,高12英寸x 宽15英寸，高30.5厘米x 宽38.1厘米图像；高 49 3/4 英寸 x 宽 19 英寸，高 126.3 厘米 x 宽 48.2 厘米
蔬菜,类型为,绘画
蔬菜,位于,旧金山亚洲艺术博物馆
龚贤《野道图》临摹,创作者为,张尚普（美籍华人，1918-2021）
龚贤《野道图》临摹,材质为,水墨纸本
龚贤《野道图》临摹,尺寸为,图片：高26英寸×宽33 1/2英寸（66厘米×85.1厘米）总体：高29 1/8英寸×宽42 3/8英寸（74厘米×107.6厘米）
龚贤《野道图》临摹,类型为,绘画
龚贤《野道图》临摹,位于,旧金山亚洲艺术博物馆
住在山里,创作者为,李华生（1944-2018）
住在山里,材质为,纸上的墨水和颜色
住在山里,尺寸为,图片: H. 26 9/16 in. × W. 17 15/16 in. (H. 67.5 cm. × W. 45.6 cm) 整体: H. 66 3/8 in. × W. 22 13/16 in. (H. 168.6 cm. × W. 57.9 cm)
住在山里,类型为,绘画
住在山里,位于,旧金山亚洲艺术博物馆
天都峰云过,创作者为,亚明（1924-2002）
天都峰云过,材质为,纸上的墨水和颜色
天都峰云过,尺寸为,高27 1/8英寸x 宽18 1/8英寸，高68.9厘米x 宽46厘米（图片）；高71 3/4英寸x 宽23 7/8英寸，高182.2厘米x 宽60.6厘米（总）
天都峰云过,类型为,绘画
天都峰云过,位于,旧金山亚洲艺术博物馆
仪式用具（bi）,材质为,软玉
仪式用具（bi）,尺寸为,直径8 5/8英寸x厚度3/8英寸，直径21.9厘米x厚度0.7厘米；迪玛。内孔1 3/4英寸，4.4厘米
仪式用具（bi）,类型为,玉石与石头
仪式用具（bi）,位于,旧金山亚洲艺术博物馆
孙悟空,创作者为,关亮（1900-1986）
孙悟空,材质为,纸上的墨水和颜色
孙悟空,尺寸为,高29 7/8英寸x 宽13 3/8英寸，高75.9厘米x 宽34厘米（图片）；高 69 3/8 英寸 x 宽 18 3/8 英寸，高 176.2 厘米 x 宽 46.7 厘米（整体）
孙悟空,类型为,绘画
孙悟空,位于,旧金山亚洲艺术博物馆
鼻烟壶内绘莲花、翠鸟和孟浩然（公元713-741年）诗歌书法,创作者为,王冠宇（中文）
鼻烟壶内绘莲花、翠鸟和孟浩然（公元713-741年）诗歌书法,材质为,带墨水的玻璃
鼻烟壶内绘莲花、翠鸟和孟浩然（公元713-741年）诗歌书法,尺寸为,高 3 英寸 x 宽 1 1/4 英寸 x 深 3/4 英寸，高 7.6 厘米 x 宽 3 厘米 x 深 1.9 厘米
鼻烟壶内绘莲花、翠鸟和孟浩然（公元713-741年）诗歌书法,类型为,装饰艺术
鼻烟壶内绘莲花、翠鸟和孟浩然（公元713-741年）诗歌书法,位于,旧金山亚洲艺术博物馆
早春景观,创作者为,王（1907-2003）
早春景观,材质为,纸上的墨水和颜色
早春景观,尺寸为,高24英寸x宽351/4英寸，高61厘米x宽89.5厘米（图片）；高 32 英寸 x 宽 45 3/4 英寸，高 61 厘米 x 宽 89.5 厘米（整体）
早春景观,类型为,绘画
早春景观,位于,旧金山亚洲艺术博物馆
祭坛正面描绘了王昭君离开边疆游牧的情景,处于的年代,清朝（1644-1911）
祭坛正面描绘了王昭君离开边疆游牧的情景,材质为,狭缝丝绸挂毯（kesi）
祭坛正面描绘了王昭君离开边疆游牧的情景,尺寸为,高41英寸x 宽41英寸，高104.1厘米x 宽104.1厘米
祭坛正面描绘了王昭君离开边疆游牧的情景,类型为,纺织品
祭坛正面描绘了王昭君离开边疆游牧的情景,位于,旧金山亚洲艺术博物馆
绿色的山峰和瀑布,创作者为,蒲如（1896-1963）
绿色的山峰和瀑布,材质为,丝绸上的墨水和颜色
绿色的山峰和瀑布,尺寸为,高72 1/2英寸x 宽20 7/8英寸，高184.1厘米x 宽53.0厘米（整体）；高32 1/4英寸x 宽13 1/2英寸，高81.9厘米x 宽34.3厘米（图片）
绿色的山峰和瀑布,类型为,绘画
绿色的山峰和瀑布,位于,旧金山亚洲艺术博物馆
虚拟旅行,创作者为,张尚普（美籍华人，1918-2021）
虚拟旅行,材质为,纸上的墨水和颜色
虚拟旅行,尺寸为,图片：高26 5/8英寸×宽18英寸（67.6厘米×45.7厘米）总体（对象）：高39英寸×宽23 1/2英寸×深3/4英寸（99.1厘米×59.7厘米×1.9厘米）
虚拟旅行,类型为,绘画
虚拟旅行,位于,旧金山亚洲艺术博物馆
里面画着风景和骆驼的鼻烟瓶,创作者为,严玉田（中国人，活跃于19世纪末）
里面画着风景和骆驼的鼻烟瓶,材质为,带有墨水和颜色的玻璃
里面画着风景和骆驼的鼻烟瓶,尺寸为,H.3英寸
里面画着风景和骆驼的鼻烟瓶,类型为,装饰艺术
里面画着风景和骆驼的鼻烟瓶,位于,旧金山亚洲艺术博物馆
山村,创作者为,张尚普（美籍华人，1918-2021）
山村,材质为,纸上的墨水和浅色
山村,尺寸为,高23 3/4英寸x 宽37 1/2英寸，高60.3厘米x 宽95.2厘米（图片）；高26 1/2英寸 x 宽43 1/4英寸，高67.3厘米 x 宽109.9厘米（整体）
山村,类型为,绘画
山村,位于,旧金山亚洲艺术博物馆
岛屿和鸟类,创作者为,张尚普（美籍华人，1918-2021）
岛屿和鸟类,材质为,纸上的墨水和颜色
岛屿和鸟类,尺寸为,图片：高12 3/4英寸×宽26 7/16英寸（32.4厘米×67.2厘米）总体：高17 1/8英寸×宽32 11/16英寸（43.5厘米×83厘米）
岛屿和鸟类,类型为,绘画
岛屿和鸟类,位于,旧金山亚洲艺术博物馆
鼻烟壶,处于的年代,清朝（1644-1911）
鼻烟壶,创作者为,郭云山（1800-1900）
鼻烟壶,材质为,石器
鼻烟壶,尺寸为,高 2 9/10 英寸 宽 2 英寸 x 深 1 1/4 英寸，高 7.4 厘米 x 宽 5 厘米 x 深 3.2 厘米
鼻烟壶,类型为,装饰艺术
鼻烟壶,位于,旧金山亚洲艺术博物馆
蔬菜,创作者为,赵少安（1905-1998）
蔬菜,材质为,纸上的墨水和颜色
蔬菜,尺寸为,高 20 英寸 x 宽 39 1/4 英寸，高 50.8 厘米 x 宽 99.6 厘米图像；高26英寸x宽593/4英寸，高66.0厘米x宽151.7厘米
蔬菜,类型为,绘画
蔬菜,位于,旧金山亚洲艺术博物馆
云雾山旁的茅草屋,创作者为,张大千（1899-1983）
云雾山旁的茅草屋,材质为,纸上的墨水和颜色
云雾山旁的茅草屋,尺寸为,总体：高20 5/8英寸×宽33 15/16英寸（52.4厘米×86.2厘米）图片：高15 5/8英寸x宽26 1/4英寸（39.7厘米×66.7厘米）
云雾山旁的茅草屋,类型为,绘画
云雾山旁的茅草屋,位于,旧金山亚洲艺术博物馆
皇冠形状的吊坠,材质为,软玉
皇冠形状的吊坠,尺寸为,高 1 9/16 英寸 x 宽 2 5/16 英寸，高 4 厘米 x 宽 5.9 厘米
皇冠形状的吊坠,类型为,玉石与石头
皇冠形状的吊坠,位于,旧金山亚洲艺术博物馆
带把手的尤尔,处于的年代,明朝（1368-1644），永乐皇帝统治时期（1403-1424）
带把手的尤尔,材质为,釉下钴装饰瓷器
带把手的尤尔,尺寸为,高5 3/8英寸x直径6英寸，高13.6厘米x直径15.2厘米
带把手的尤尔,类型为,陶瓷
带把手的尤尔,位于,旧金山亚洲艺术博物馆
龙形吊坠,处于的年代,商朝（约公元前1600-1050年）
龙形吊坠,材质为,软玉
龙形吊坠,尺寸为,高 1/2 英寸 x 宽 3 1/4 英寸 x 深 1/4 英寸，高 1.27 厘米 x 宽 8.26 厘米 x 宽 .64 厘米
龙形吊坠,类型为,玉石与石头
龙形吊坠,位于,旧金山亚洲艺术博物馆
带有动物口罩的三叉牌匾,材质为,软玉
带有动物口罩的三叉牌匾,尺寸为,高 1 1/2 英寸 x 宽 2 3/8 英寸 x 深 1/2 英寸，高 3.8 厘米 x 宽 6 厘米 x 深 1.3 厘米
带有动物口罩的三叉牌匾,类型为,玉石与石头
带有动物口罩的三叉牌匾,位于,旧金山亚洲艺术博物馆
道教仪式服装,处于的年代,清朝（1644-1911）
道教仪式服装,材质为,金色刺绣丝绸
道教仪式服装,尺寸为,整体（带衣领）：高56 1/2英寸×宽74 3/4英寸（143.5厘米×189.9厘米）
道教仪式服装,类型为,纺织品
道教仪式服装,位于,旧金山亚洲艺术博物馆
浅盆牡丹（搭配B60P1769）,处于的年代,清朝（1644-1911），雍正皇帝统治时期（1723-1735）
浅盆牡丹（搭配B60P1769）,材质为,釉上彩瓷
浅盆牡丹（搭配B60P1769）,尺寸为,高1 3/4英寸x 直径4 1/2英寸，高4.4厘米x 直径11.4厘米
浅盆牡丹（搭配B60P1769）,类型为,陶瓷
浅盆牡丹（搭配B60P1769）,位于,旧金山亚洲艺术博物馆
烧杯形莲花花瓶,处于的年代,清朝（1644-1911），康熙皇帝统治时期（1662-1722）
烧杯形莲花花瓶,材质为,釉下蓝色装饰瓷器
烧杯形莲花花瓶,尺寸为,高 22 1/2 英寸 x 直径 10 1/4 英寸，高 57.1 厘米 x 直径 26 厘米
烧杯形莲花花瓶,类型为,陶瓷
烧杯形莲花花瓶,位于,旧金山亚洲艺术博物馆
学者与松树,创作者为,方洁堪（1899-1983）
学者与松树,材质为,纸上的墨水和浅色
学者与松树,尺寸为,高79 7/8英寸x 宽18英寸，高202.9厘米x 宽45.7厘米（整体），高40 3/4英寸x 宽13 3/8英寸，高103.5厘米x 宽34厘米（图片）
学者与松树,类型为,绘画
学者与松树,位于,旧金山亚洲艺术博物馆
景观,创作者为,张大千（1899-1983）
景观,材质为,纸上的墨水和颜色
景观,尺寸为,高54 3/4英寸x 宽27 1/4英寸，高139.1厘米x 宽69.2厘米（图片）；高 91 1/8 英寸 x 宽 28 3/4 英寸，高 231.5 厘米 x 宽 73 厘米（整体）
景观,类型为,绘画
景观,位于,旧金山亚洲艺术博物馆
蘑菇和橙色黄花菜,创作者为,方兆玲（1914-2006）
蘑菇和橙色黄花菜,材质为,纸上的墨水和颜色
蘑菇和橙色黄花菜,尺寸为,高35 1/4英寸x 宽23 5/8英寸，高89.5厘米x 宽60厘米（图片）；高 65 1/8 英寸 x 宽 26 7/8 英寸，高 165.4 厘米 x 宽 68.3 厘米（整体）
蘑菇和橙色黄花菜,类型为,绘画
蘑菇和橙色黄花菜,位于,旧金山亚洲艺术博物馆
带有阿拉伯铭文的香炉,处于的年代,清朝（1644-1911）
带有阿拉伯铭文的香炉,材质为,青铜镶嵌金
带有阿拉伯铭文的香炉,尺寸为,高 11 英寸 x 宽 13 英寸 x 深 13 1/8 英寸，高 26.7 厘米 x 宽 33.0 厘米 x 深 33.4 厘米
带有阿拉伯铭文的香炉,类型为,金属艺术
带有阿拉伯铭文的香炉,位于,旧金山亚洲艺术博物馆
带有阿拉伯铭文的香炉,处于的年代,清朝（1644-1911）
带有阿拉伯铭文的香炉,材质为,青铜镶嵌金
带有阿拉伯铭文的香炉,尺寸为,高 10 1/2 英寸 x 宽 13 英寸 x 深 13 1/8 英寸，高 27 厘米 x 宽 13 英寸 x 13.1 厘米
带有阿拉伯铭文的香炉,类型为,金属艺术
带有阿拉伯铭文的香炉,位于,旧金山亚洲艺术博物馆
春天黎明时分的云峰,创作者为,李华谊（1948年生）
春天黎明时分的云峰,材质为,纸上的墨水和颜色
春天黎明时分的云峰,尺寸为,高55 9/16英寸×宽28 5/8英寸，高141.1厘米×宽72.7厘米（图片）；高91×宽35英寸，高231.1厘米×宽88.9厘米（整体）
春天黎明时分的云峰,类型为,绘画
春天黎明时分的云峰,位于,旧金山亚洲艺术博物馆
叶公超的风景,创作者为,张大千（1899-1983）
叶公超的风景,材质为,纸上的墨水和颜色
叶公超的风景,尺寸为,总体尺寸：高16 5/8×宽14 1/4英寸（42.2×36.2厘米）
叶公超的风景,类型为,绘画
叶公超的风景,位于,旧金山亚洲艺术博物馆
毛笔交响乐,创作者为,王（1907-2003）
毛笔交响乐,材质为,水墨纸本
毛笔交响乐,尺寸为,高56 3/4英寸x 宽72 7/8英寸，高144.1厘米x 宽185.1厘米（图片）；高 60 7/8 英寸 x 宽 76 3/4 英寸，高 154.6 厘米 x 宽 194.9 厘米（整体）
毛笔交响乐,类型为,绘画
毛笔交响乐,位于,旧金山亚洲艺术博物馆
音乐机构：班卓琴,创作者为,谢伟信（1970）
音乐机构：班卓琴,材质为,金纸上的墨水和颜色
音乐机构：班卓琴,尺寸为,图片：高19 1/2英寸×宽13 1/2英寸（49.5厘米×34.3厘米）总体：高26 1/4英寸×宽19 3/4英寸
音乐机构：班卓琴,类型为,绘画
音乐机构：班卓琴,位于,旧金山亚洲艺术博物馆
驴子,创作者为,黄周（1925-1997）
驴子,材质为,水墨纸本
驴子,尺寸为,高26 1/2英寸x 宽17 1/4英寸，高67.3厘米x 宽43.8厘米（图片）；高 69 英寸 x 宽 26 3/4 英寸，高 172.7 厘米 x 宽 67.9 厘米（整体）
驴子,类型为,绘画
驴子,位于,旧金山亚洲艺术博物馆
陈,创作者为,吕守坤（1919-1975）
陈,材质为,纸上的墨水和颜色
陈,尺寸为,H.121 1/2英寸x W.58 1/2英寸（总尺寸）；H.97 1/2英寸x W.48 1/2英寸（图片）
陈,类型为,绘画
陈,位于,旧金山亚洲艺术博物馆
在偏远山区旅行,创作者为,张大千（1899-1983）
在偏远山区旅行,材质为,纸上的墨水和颜色
在偏远山区旅行,尺寸为,图片: H. 22 3/4 in. × W. 35 7/8 in. (57.8 cm × 91.1 cm) 框架: H. 23 3/16 in. × W. 36 5/16 in. × D. 3/4 in. (58.9 cm × 92.2 cm × 1.9 cm)
在偏远山区旅行,类型为,绘画
在偏远山区旅行,位于,旧金山亚洲艺术博物馆
四季景观，一套8个,创作者为,宋玉林（生于1947年）
四季景观，一套8个,材质为,金色斑点纸上的墨水和颜色
四季景观，一套8个,尺寸为,高6 1/8英寸x 宽19 1/8英寸，高15.6厘米x 宽46.0厘米（图片）；高10 5/8英寸x 宽19 1/8英寸，高27.0厘米x 宽48.6厘米（整体）
四季景观，一套8个,类型为,绘画
四季景观，一套8个,位于,旧金山亚洲艺术博物馆
四季景观，一套8个,创作者为,宋玉林（生于1947年）
四季景观，一套8个,材质为,金色斑点纸上的墨水和颜色
四季景观，一套8个,尺寸为,高6 1/8英寸x 宽19 1/8英寸，高15.6厘米x 宽46.0厘米（图片）；高10 5/8英寸x 宽19 1/8英寸，高27.0厘米x 宽48.6厘米（整体）
四季景观，一套8个,类型为,绘画
四季景观，一套8个,位于,旧金山亚洲艺术博物馆
行书书法,处于的年代,清朝（1644-1911）
行书书法,创作者为,王铎（1592-1652）
行书书法,材质为,丝绸上的墨水
行书书法,尺寸为,高12英寸x宽211 1/2英寸，高31.7厘米x宽537.2厘米（图片）；高13英寸，高33厘米（总尺寸）
行书书法,类型为,绘画
行书书法,位于,旧金山亚洲艺术博物馆
宫女在灯笼旁等候,处于的年代,清朝（1644-1911）
宫女在灯笼旁等候,创作者为,云冰（1670-1710）
宫女在灯笼旁等候,材质为,纸上的墨水和颜色
宫女在灯笼旁等候,尺寸为,总体：高29 1/4英寸×宽15 3/4英寸（74.3厘米×40厘米）图片：高22 11/16英寸×宽10 9/16英寸（57.6厘米×26.8厘米）
宫女在灯笼旁等候,类型为,绘画
宫女在灯笼旁等候,位于,旧金山亚洲艺术博物馆
村庄上空的月亮,创作者为,张布（生于1934年）
村庄上空的月亮,材质为,纸上的墨水和颜色
村庄上空的月亮,尺寸为,高27英寸x 宽24英寸，高68.6厘米x 宽61厘米（图片）；高 71 1/2 英寸 x 宽 25 5/8 英寸，高 181.6 厘米 x 宽 65.1 厘米（整体）
村庄上空的月亮,类型为,绘画
村庄上空的月亮,位于,旧金山亚洲艺术博物馆
观音菩萨,处于的年代,唐朝（618-907）
观音菩萨,材质为,镀金青铜
观音菩萨,尺寸为,高 6 7/8 英寸 x 宽 1 3/4 英寸 x 深 2 1/2 英寸，高 17.5 厘米 x 宽 4.4 厘米 x 深 6.4 厘米
观音菩萨,类型为,雕塑
观音菩萨,位于,旧金山亚洲艺术博物馆
观音菩萨,处于的年代,唐朝（618-907）
观音菩萨,材质为,镀金青铜
观音菩萨,尺寸为,高 6 英寸 x 宽 1 7/8 英寸 x 深 1 1/2 英寸，高 15.2 厘米 x 宽 4.8 厘米 x 深 3.8 厘米
观音菩萨,类型为,雕塑
观音菩萨,位于,旧金山亚洲艺术博物馆
鼻烟壶,处于的年代,清朝（1644-1911）
鼻烟壶,材质为,景泰蓝
鼻烟壶,尺寸为,高 2 3/8 英寸 x 宽 2 英寸，高 6.0 厘米 x 宽 5.1 厘米
鼻烟壶,类型为,装饰艺术
鼻烟壶,位于,旧金山亚洲艺术博物馆
东方硕偷桃子的鼻烟瓶,处于的年代,清朝（1644-1911）
东方硕偷桃子的鼻烟瓶,材质为,根琥珀色
东方硕偷桃子的鼻烟瓶,尺寸为,H.6.7厘米，无塞子
东方硕偷桃子的鼻烟瓶,类型为,装饰艺术
东方硕偷桃子的鼻烟瓶,位于,旧金山亚洲艺术博物馆
山间河中垂钓的乐趣,处于的年代,元朝（1271-1368）
山间河中垂钓的乐趣,创作者为,归属于盛茂（中国人，活跃于1310-1360年）
山间河中垂钓的乐趣,材质为,丝绸上的墨水和颜色
山间河中垂钓的乐趣,尺寸为,图片：高66 7/8英寸×宽40 3/4英寸（169.9厘米×103.5厘米）总体：高111 1/8英寸×宽41 3/4英寸（282.3厘米×106厘米）
山间河中垂钓的乐趣,类型为,绘画
山间河中垂钓的乐趣,位于,旧金山亚洲艺术博物馆
带有男孩玩耍场景的鼻烟壶,处于的年代,清朝（1644-1911）
带有男孩玩耍场景的鼻烟壶,材质为,象牙色，带油漆
带有男孩玩耍场景的鼻烟壶,尺寸为,高 3 5/16 英寸 x 宽 2 1/8 英寸 x 深 7/8 英寸，高 8.5 厘米 x 宽 5.2 厘米 x 深 2.0 厘米
带有男孩玩耍场景的鼻烟壶,类型为,装饰艺术
带有男孩玩耍场景的鼻烟壶,位于,旧金山亚洲艺术博物馆
赤壁场景杯,处于的年代,明朝（1368-1644）或清朝（1644-1911）
赤壁场景杯,材质为,犀牛角
赤壁场景杯,尺寸为,高 10.2 厘米 x 宽 5 3/8 英寸 x 深 3 3/4 英寸，高 10.2 厘米 x 宽 13.5 厘米 x 深 9.6 厘米
赤壁场景杯,类型为,装饰艺术
赤壁场景杯,位于,旧金山亚洲艺术博物馆
鲁特之歌,创作者为,陆武超（1918年生）
鲁特之歌,材质为,水墨纸本
鲁特之歌,尺寸为,高30英寸x 宽31英寸，高76.2厘米x 宽78.7厘米（每个）
鲁特之歌,类型为,绘画
鲁特之歌,位于,旧金山亚洲艺术博物馆
松林中的学者,创作者为,傅抱石（1904-1965）
松林中的学者,材质为,纸上的墨水和颜色
松林中的学者,尺寸为,底座（整体）：高31 1/4×宽15 13/16英寸（79.4×40.2厘米）整体（图像）：高27 1/8×宽12 11/16英寸（68.9×32.2厘米）
松林中的学者,类型为,绘画
松林中的学者,位于,旧金山亚洲艺术博物馆
香炉,处于的年代,唐朝（618-907）
香炉,材质为,青铜
香炉,尺寸为,高5 1/4英寸x 直径10 1/2英寸，高13.3厘米x 直径26.7厘米
香炉,类型为,金属艺术
香炉,位于,旧金山亚洲艺术博物馆
花瓶形状的苹果鼻烟壶,处于的年代,清朝（1644-1911）
花瓶形状的苹果鼻烟壶,材质为,琥珀色
花瓶形状的苹果鼻烟壶,尺寸为,高 2 1/3 英寸 x 宽 2 1/4 英寸 x 直径 1 英寸，高 5.8 厘米 x 宽 5.7 厘米 x 直径 2.5 厘米
花瓶形状的苹果鼻烟壶,类型为,装饰艺术
花瓶形状的苹果鼻烟壶,位于,旧金山亚洲艺术博物馆
花园里放着长尾鸟的盘子,处于的年代,元朝（1271-1368）
花园里放着长尾鸟的盘子,材质为,黄漆基底上涂红漆
花园里放着长尾鸟的盘子,尺寸为,高 1 1/2 英寸 x 直径 12 5/8 英寸
花园里放着长尾鸟的盘子,类型为,装饰艺术
花园里放着长尾鸟的盘子,位于,旧金山亚洲艺术博物馆
磨坊,材质为,陶器
磨坊,尺寸为,高 6 1/2 英寸 x 宽 9 1/4 英寸 x 深 9 1/4 英寸，高 16.5 厘米 x 宽 23.5 厘米 x 深 23.5 厘米
磨坊,类型为,陶瓷
磨坊,位于,旧金山亚洲艺术博物馆
鼻烟壶,处于的年代,清朝（1644-1911）
鼻烟壶,材质为,玻璃、木制支架
鼻烟壶,尺寸为,高 2 7/8 英寸 x 宽 2 英寸 x 深 1 1/8 英寸，高 6.9 厘米 x 宽 4.3 厘米 x 深 2.3 厘米
鼻烟壶,类型为,装饰艺术
鼻烟壶,位于,旧金山亚洲艺术博物馆
飞行 Cicada,创作者为,赵少安（1905-1998）
飞行 Cicada,材质为,纸上的墨水和颜色
飞行 Cicada,尺寸为,图片：H. 11 5/8 in x W. 14 3/4 in，H. 29.5 x W. 37.5 cm；整体：高49 5/8英寸x 宽19英寸，高126.0厘米x 宽48.3厘米；框架：高 50 3/4 英寸 x 宽 20 英寸 x 深 2 1/2 英寸，高 128.9 厘米 x 宽 50.8 厘米 x 深 6.4 厘米
飞行 Cicada,类型为,绘画
飞行 Cicada,位于,旧金山亚洲艺术博物馆
米纳,创作者为,赵少安（1905-1998）
米纳,材质为,纸上的墨水和颜色
米纳,尺寸为,高11 3/4英寸x 宽14 1/2英寸，高29.8厘米x 宽36.8厘米图像；高 49 5/8 英寸 x 宽 19 英寸，高 126 厘米 x 宽 48.2 厘米
米纳,类型为,绘画
米纳,位于,旧金山亚洲艺术博物馆
音乐机构：大提琴,创作者为,谢伟信（1970）
音乐机构：大提琴,材质为,金纸上的墨水和颜色
音乐机构：大提琴,尺寸为,图片：高19 3/4英寸×宽13 3/4英寸（50.2厘米×34.9厘米） 框架：高26 3/16英寸×宽19 3/4英寸×深1 1/4英寸（66.5厘米×50.2厘米×3.2厘米）
音乐机构：大提琴,类型为,绘画
音乐机构：大提琴,位于,旧金山亚洲艺术博物馆
描绘美女的双层鼻烟壶,处于的年代,清朝（1644-1911）
描绘美女的双层鼻烟壶,材质为,釉上彩瓷
描绘美女的双层鼻烟壶,尺寸为,高 2 7/8 英寸 x 宽 2 3/4 英寸 x 直径 1 英寸，高 7.3 厘米 x 宽 7 厘米 x 2.5 厘米
描绘美女的双层鼻烟壶,类型为,装饰艺术
描绘美女的双层鼻烟壶,位于,旧金山亚洲艺术博物馆
带有花卉图案的碗,处于的年代,清朝（1644-1911）
带有花卉图案的碗,材质为,软玉
带有花卉图案的碗,尺寸为,高 2 1/4 英寸 x 直径 5 9/16 英寸，高 5.7 厘米 x 宽 14.1 厘米
带有花卉图案的碗,类型为,玉石与石头
带有花卉图案的碗,位于,旧金山亚洲艺术博物馆
带有五个蝙蝠的鼻烟壶,处于的年代,清朝（1644-1911）
带有五个蝙蝠的鼻烟壶,材质为,影玛瑙
带有五个蝙蝠的鼻烟壶,尺寸为,高 3 英寸 x 宽 2 英寸 x 深 1 英寸，高 7.6 厘米 x 宽 5.1 厘米 x 深 2.5 厘米
带有五个蝙蝠的鼻烟壶,类型为,装饰艺术
带有五个蝙蝠的鼻烟壶,位于,旧金山亚洲艺术博物馆
峨眉山脚下,创作者为,赵少安（1905-1998）
峨眉山脚下,材质为,水墨纸本
峨眉山脚下,尺寸为,图片：高37 7/8×宽73英寸（96.2×185.4厘米）总体：高42 3/4×宽90 1/8英寸（108.6×228.9厘米）框架：高43 3/4×宽91 1/8英寸×深2 1/2英寸（111.1×231.5厘米×6.4厘米）
峨眉山脚下,类型为,绘画
峨眉山脚下,位于,旧金山亚洲艺术博物馆
返回Skiff,创作者为,赵少安（1905-1998）
返回Skiff,材质为,纸上的墨水和颜色
返回Skiff,尺寸为,高27 1/8英寸x 宽44 5/8英寸，高68.7厘米x 宽113.2厘米图像；高30 3/4英寸x 宽62 1/8英寸，高78.0厘米x 宽157.7厘米
返回Skiff,类型为,绘画
返回Skiff,位于,旧金山亚洲艺术博物馆
晚风,创作者为,赵少安（1905-1998）
晚风,材质为,纸上的墨水和颜色
晚风,尺寸为,高12英寸x 宽15英寸，高30.5厘米x 宽38.0厘米图像；高 49 5/8 英寸 x 宽 19 英寸，高 126.0 厘米 x 宽 48.2 厘米
晚风,类型为,绘画
晚风,位于,旧金山亚洲艺术博物馆
音乐机构：竖琴,创作者为,谢伟信（1970）
音乐机构：竖琴,材质为,金纸上的墨水和颜色
音乐机构：竖琴,尺寸为,整体：高19 3/4英寸×宽13 3/4英寸（50.2厘米×34.9厘米）框架：高26 3/16英寸×宽19 3/4英寸x深1 1/4英寸（66.5厘米×50.2厘米x 3.2厘米）
音乐机构：竖琴,类型为,绘画
音乐机构：竖琴,位于,旧金山亚洲艺术博物馆
金鱼鼻烟壶,处于的年代,清朝（1644-1911）
金鱼鼻烟壶,材质为,釉上彩瓷
金鱼鼻烟壶,尺寸为,高2 1/2英寸x 宽1 5/8英寸x 直径1 3/4英寸，高6.2厘米x 宽4.3厘米x 直径4.5厘米
金鱼鼻烟壶,类型为,装饰艺术
金鱼鼻烟壶,位于,旧金山亚洲艺术博物馆
观世音菩萨,处于的年代,大理王国（937–1253）或更晚
观世音菩萨,材质为,镀金青铜
观世音菩萨,尺寸为,高 13 英寸 x 宽 3 1/4 英寸 x 深 2 7/8 英寸，高 33 厘米 x 宽 8 1/4 厘米 x 深 7.3 厘米
观世音菩萨,类型为,雕塑
观世音菩萨,位于,旧金山亚洲艺术博物馆
仿海蓝宝石鼻烟壶,处于的年代,清朝（1644-1911）
仿海蓝宝石鼻烟壶,材质为,瓶子：玻璃；塞子：玫瑰石英
仿海蓝宝石鼻烟壶,尺寸为,H.2 1/2英寸
仿海蓝宝石鼻烟壶,类型为,装饰艺术
仿海蓝宝石鼻烟壶,位于,旧金山亚洲艺术博物馆
“海豹派”风格的鼻烟壶,处于的年代,清朝（1644-1911）
“海豹派”风格的鼻烟壶,材质为,玻璃
“海豹派”风格的鼻烟壶,尺寸为,H.2 1/2英寸
“海豹派”风格的鼻烟壶,类型为,装饰艺术
“海豹派”风格的鼻烟壶,位于,旧金山亚洲艺术博物馆
带有数字的鼻烟壶,处于的年代,清朝（1644-1911）
带有数字的鼻烟壶,材质为,金属搪瓷
带有数字的鼻烟壶,尺寸为,H.2 3/4英寸
带有数字的鼻烟壶,类型为,装饰艺术
带有数字的鼻烟壶,位于,旧金山亚洲艺术博物馆
学者弹琴的鼻烟瓶,处于的年代,清朝（1644-1911）
学者弹琴的鼻烟瓶,材质为,釉下蓝色装饰瓷器
学者弹琴的鼻烟瓶,尺寸为,H.3英寸
学者弹琴的鼻烟瓶,类型为,装饰艺术
学者弹琴的鼻烟瓶,位于,旧金山亚洲艺术博物馆
戏剧场景,材质为,胶印、油墨和纸张上的颜色
戏剧场景,尺寸为,图片：高13 1/2英寸×宽18 3/4英寸（34.3厘米×47.6厘米）总体：高17 1/16英寸×宽21 5/8英寸（43.3厘米×54.9厘米）
戏剧场景,类型为,印刷品和图纸
戏剧场景,位于,旧金山亚洲艺术博物馆
装饰有“三重”的鼻烟瓶,处于的年代,清朝（1644-1911）
装饰有“三重”的鼻烟瓶,材质为,玻璃
装饰有“三重”的鼻烟瓶,尺寸为,高9.3厘米x宽4.5厘米
装饰有“三重”的鼻烟瓶,类型为,装饰艺术
装饰有“三重”的鼻烟瓶,位于,旧金山亚洲艺术博物馆
双瓜形状的鼻烟壶,处于的年代,清朝（1644-1911）
双瓜形状的鼻烟壶,材质为,珊瑚
双瓜形状的鼻烟壶,尺寸为,高2 1/2英寸x 宽1 1/5英寸，高6.4厘米x 宽3.0厘米
双瓜形状的鼻烟壶,类型为,装饰艺术
双瓜形状的鼻烟壶,位于,旧金山亚洲艺术博物馆
鼻烟壶,处于的年代,清朝（1644-1911）
鼻烟壶,材质为,玻璃
鼻烟壶,尺寸为,高 2 1/2 英寸 x 宽 1 3/4 英寸 x 深 1/2 英寸，高 6.5 厘米 x 宽 4.5 厘米 x 深 1.3 厘米
鼻烟壶,类型为,装饰艺术
鼻烟壶,位于,旧金山亚洲艺术博物馆
鼻烟壶,处于的年代,清朝（1644-1911）
鼻烟壶,材质为,玻璃
鼻烟壶,尺寸为,高9.1厘米
鼻烟壶,类型为,装饰艺术
鼻烟壶,位于,旧金山亚洲艺术博物馆
鼻烟壶,处于的年代,清朝（1644-1911）
鼻烟壶,材质为,透明网状玻璃；珊瑚和绿色顶部
鼻烟壶,尺寸为,高 3 英寸 x 宽 1 3/4 英寸 x 深 3/4 英寸，高 7.7 厘米 x 宽 4.6 厘米 x 深 1.9 厘米
鼻烟壶,类型为,装饰艺术
鼻烟壶,位于,旧金山亚洲艺术博物馆
葫芦形鼻烟壶,处于的年代,清朝（1644-1911）
葫芦形鼻烟壶,材质为,瓶子：青金石；塞子：象牙
葫芦形鼻烟壶,尺寸为,高 2 3/4 英寸 x 宽 1 1/2 英寸 x 深 3/5 英寸，高 7.1 厘米 x 宽 3.9 厘米 x 深 1.5 厘米
葫芦形鼻烟壶,类型为,装饰艺术
葫芦形鼻烟壶,位于,旧金山亚洲艺术博物馆
一只蝙蝠从天而降的鼻烟壶,处于的年代,清朝（1644-1911）
一只蝙蝠从天而降的鼻烟壶,材质为,玛瑙
一只蝙蝠从天而降的鼻烟壶,尺寸为,高 2/38 英寸 x 宽 1 3/4 英寸 x 深 1 英寸，高 6.0 厘米 x 宽 4.4 厘米 x 深 2.6 厘米
一只蝙蝠从天而降的鼻烟壶,类型为,装饰艺术
一只蝙蝠从天而降的鼻烟壶,位于,旧金山亚洲艺术博物馆
秋天的荷花池,创作者为,崔子凡（1915-2011）
秋天的荷花池,材质为,纸上的墨水和颜色
秋天的荷花池,尺寸为,高26 1/4英寸x 宽25 3/8英寸，高66.7厘米x 宽64.5厘米（图片）；高 79 3/4 英寸 x 宽 30 英寸，高 202.6 厘米 x 宽 76.2 厘米（整体）
秋天的荷花池,类型为,绘画
秋天的荷花池,位于,旧金山亚洲艺术博物馆
红梅花,创作者为,董守平（1904-1997）
红梅花,材质为,纸上的墨水和颜色
红梅花,尺寸为,高20 3/8英寸x 宽26 7/8英寸，高51.8厘米x 宽68.3厘米（图片）；高 72 1/2 英寸 x 宽 28 英寸，高 184.2 厘米 x 宽 71.1 厘米（整体）
红梅花,类型为,绘画
红梅花,位于,旧金山亚洲艺术博物馆
愤怒的守护者,处于的年代,大理王国（937–1253）
愤怒的守护者,材质为,青铜
愤怒的守护者,尺寸为,高 3 1/2 英寸 x 宽 1 3/4 英寸 x 深 1 1/4 英寸，高 8.9 厘米 x 宽 4.5 厘米 x 深 3.2 厘米
愤怒的守护者,类型为,雕塑
愤怒的守护者,位于,旧金山亚洲艺术博物馆
四季景观，一套8个,创作者为,宋玉林（生于1947年）
四季景观，一套8个,材质为,金色斑点纸上的墨水和颜色
四季景观，一套8个,尺寸为,高6 1/8英寸x 宽19 1/8英寸，高15.6厘米x 宽46.0厘米（图片）；高10 5/8英寸x 宽19 1/8英寸，高27.0厘米x 宽48.6厘米（整体）
四季景观，一套8个,类型为,绘画
四季景观，一套8个,位于,旧金山亚洲艺术博物馆
四季景观，一套8个,创作者为,宋玉林（生于1947年）
四季景观，一套8个,材质为,金色斑点纸上的墨水和颜色
四季景观，一套8个,尺寸为,高6 1/8英寸x 宽19 1/8英寸，高15.6厘米x 宽46.0厘米（图片）；高10 5/8英寸x 宽19 1/8英寸，高27.0厘米x 宽48.6厘米（整体）
四季景观，一套8个,类型为,绘画
四季景观，一套8个,位于,旧金山亚洲艺术博物馆
四季景观，一套8个,创作者为,宋玉林（生于1947年）
四季景观，一套8个,材质为,金色斑点纸上的墨水和颜色
四季景观，一套8个,尺寸为,高6 1/8英寸x 宽19 1/8英寸，高15.6厘米x 宽46.0厘米（图片）；高10 5/8英寸x 宽19 1/8英寸，高27.0厘米x 宽48.6厘米（整体）
四季景观，一套8个,类型为,绘画
四季景观，一套8个,位于,旧金山亚洲艺术博物馆
明代胡山水画,创作者为,马承基（20世纪活跃的中国人）
明代胡山水画,材质为,银色斑点纸上的墨水和浅色
明代胡山水画,尺寸为,高 12 1/8 英寸 x 宽 18 英寸，高 30.8 厘米 x 宽 45.7 厘米
明代胡山水画,类型为,绘画
明代胡山水画,位于,旧金山亚洲艺术博物馆
雪松枝下的鲤鱼,创作者为,何（生于1927年）
雪松枝下的鲤鱼,材质为,纸上的墨水和颜色
雪松枝下的鲤鱼,尺寸为,高47 3/4英寸x 宽22 1/2英寸，高121.3厘米x 宽57.2厘米（图片）；高 62 英寸 x 宽 28 3/4 英寸，高 157.5 厘米 x 宽 73.0 厘米（整体）
雪松枝下的鲤鱼,类型为,绘画
雪松枝下的鲤鱼,位于,旧金山亚洲艺术博物馆
景观,创作者为,丁雄泉（1929-2010）
景观,材质为,纸上的墨水和颜色
景观,尺寸为,高59英寸x宽323/4英寸，高149.9厘米x宽83.2厘米（图片）；高 93 英寸 x 宽 42 1/2 英寸，高 236.2 厘米 x 宽 107.9 厘米（整体）
景观,类型为,绘画
景观,位于,旧金山亚洲艺术博物馆
沿着山间河流划船,创作者为,方兆玲（1914-2006）
沿着山间河流划船,材质为,纸上的墨水和颜色
沿着山间河流划船,尺寸为,高70英寸x宽183/4英寸，高177.8厘米x宽47.6厘米（图片）；高105英寸x 宽28英寸，高266.7厘米x 宽71.1厘米（总）
沿着山间河流划船,类型为,绘画
沿着山间河流划船,位于,旧金山亚洲艺术博物馆
保护我们的环境,创作者为,方兆玲（1914-2006）
保护我们的环境,材质为,纸上的墨水和颜色
保护我们的环境,尺寸为,高38 1/2英寸x 宽35 1/2英寸，高97.8厘米x 宽90.2厘米（图片）；高 79 英寸 x 宽 48 英寸，高 200.7 厘米 x 宽 121.9 厘米（整体）
保护我们的环境,类型为,绘画
保护我们的环境,位于,旧金山亚洲艺术博物馆
兰花、竹子、真菌和岩石,处于的年代,清朝（1644-1911）
兰花、竹子、真菌和岩石,创作者为,郑燮（1693-1765）
兰花、竹子、真菌和岩石,材质为,水墨纸本
兰花、竹子、真菌和岩石,尺寸为,图片：高74 1/8英寸×宽36 3/4英寸（188.3厘米×93.3厘米）总体：高125 3/8英寸×宽49 11/16英寸（318.5厘米×126.2厘米）
兰花、竹子、真菌和岩石,类型为,绘画
兰花、竹子、真菌和岩石,位于,旧金山亚洲艺术博物馆
观音菩萨,处于的年代,唐朝（618-907）
观音菩萨,材质为,镀金青铜
观音菩萨,尺寸为,高 7 5/8 英寸 x 宽 3 5/8 英寸 x 深 3 5/8 英寸，高 18.7 厘米 x 宽 8.6 厘米 x 深 9.2 厘米
观音菩萨,类型为,雕塑
观音菩萨,位于,旧金山亚洲艺术博物馆
五亭湖（五亭湖）,创作者为,张大千（1899-1983）
五亭湖（五亭湖）,材质为,纸上的墨水和颜色
五亭湖（五亭湖）,尺寸为,高52 1/2英寸x 宽27 1/16英寸，高133.4厘米x 宽68.7厘米（图片）；高 90 1/4 英寸 x 宽 31 英寸，高 229.2 厘米 x 宽 78.7 厘米（整体）
五亭湖（五亭湖）,类型为,绘画
五亭湖（五亭湖）,位于,旧金山亚洲艺术博物馆
观音菩萨,处于的年代,大理王国（937–1253）或更早
观音菩萨,材质为,镀金青铜
观音菩萨,尺寸为,高 17 1/2 英寸 x 宽 4 5/8 英寸 x 深 3 英寸，高 44.5 厘米 x 宽 11.8 厘米 x 深 7.6 厘米
观音菩萨,类型为,雕塑
观音菩萨,位于,旧金山亚洲艺术博物馆
狮子装饰的鼻烟瓶,处于的年代,清朝（1644-1911）
狮子装饰的鼻烟瓶,材质为,玻璃
狮子装饰的鼻烟瓶,尺寸为,高6.5厘米
狮子装饰的鼻烟瓶,类型为,装饰艺术
狮子装饰的鼻烟瓶,位于,旧金山亚洲艺术博物馆
鼻烟壶,处于的年代,清朝（1644-1911）
鼻烟壶,材质为,含电气石晶体的石英
鼻烟壶,尺寸为,高6.4厘米
鼻烟壶,类型为,装饰艺术
鼻烟壶,位于,旧金山亚洲艺术博物馆
朱兰后的渔人与山景,处于的年代,清朝（1644-1911）
朱兰后的渔人与山景,创作者为,王健（1598-1677）
朱兰后的渔人与山景,材质为,悬挂卷轴；纸上油墨
朱兰后的渔人与山景,尺寸为,图片：高71 1/2英寸×宽29 3/4英寸（高181.6厘米×宽75.6厘米） 整体：高116 3/4英寸×宽34 3/8英寸（高296.5厘米×宽87.3厘米）
朱兰后的渔人与山景,类型为,绘画
朱兰后的渔人与山景,位于,旧金山亚洲艺术博物馆
古代青铜器形状的八角杯,处于的年代,明朝（1368-1644）或清朝（1644-1911）
古代青铜器形状的八角杯,材质为,犀牛角
古代青铜器形状的八角杯,尺寸为,高8.5厘米x宽11.8厘米x深8.8厘米
古代青铜器形状的八角杯,类型为,装饰艺术
古代青铜器形状的八角杯,位于,旧金山亚洲艺术博物馆
菜肴,处于的年代,明朝（1368-1644）
菜肴,材质为,搪瓷装饰瓷器
菜肴,尺寸为,高4英寸x直径15英寸，高10.2厘米x直径38.1厘米
菜肴,类型为,陶瓷
菜肴,位于,旧金山亚洲艺术博物馆
无颈罐,处于的年代,唐朝（618-907）
无颈罐,材质为,釉面低烧陶瓷
无颈罐,尺寸为,高 9 7/8 英寸 x 直径 8 1/8 英寸，高 25.1 厘米 x 直径 20.7 厘米
无颈罐,类型为,陶瓷
无颈罐,位于,旧金山亚洲艺术博物馆
描绘兔子的盘子,处于的年代,明朝（1368-1644），天齐皇帝统治时期（1621-1627）
描绘兔子的盘子,材质为,釉下蓝色装饰瓷器
描绘兔子的盘子,尺寸为,高1 1/8英寸x 直径8 1/8英寸，高2.8厘米x 直径20.6厘米
描绘兔子的盘子,类型为,陶瓷
描绘兔子的盘子,位于,旧金山亚洲艺术博物馆
莲花,创作者为,杨延平（生于1934年）
莲花,材质为,纸上的墨水和颜色
莲花,尺寸为,图片：高23 7/8英寸×宽26英寸（60.6厘米×66厘米）总体：高25 3/8英寸×宽27 3/4英寸（64.5厘米×70.5厘米）
莲花,类型为,绘画
莲花,位于,旧金山亚洲艺术博物馆
景观,创作者为,杨延平（生于1934年）
景观,材质为,纸上的墨水和颜色
景观,尺寸为,图片：高23 13/16英寸×宽36英寸（60.5厘米×91.4厘米）总体：高28 1/2英寸×宽40英寸（72.4厘米×101.6厘米）
景观,类型为,绘画
景观,位于,旧金山亚洲艺术博物馆
翠鸟,创作者为,赵少安（1905-1998）
翠鸟,材质为,纸上的墨水和颜色
翠鸟,尺寸为,高11 1/2英寸x 宽14 3/4英寸，高29.1厘米x 宽37.5厘米（图片）；高 49 5/8 英寸 x 宽 19 英寸，高 126 厘米 x 宽 48.2 厘米（整体）
翠鸟,类型为,绘画
翠鸟,位于,旧金山亚洲艺术博物馆
为蒙古市场制造的鼻烟壶,处于的年代,清朝（1644-1911）
为蒙古市场制造的鼻烟壶,材质为,玛瑙
为蒙古市场制造的鼻烟壶,尺寸为,高5 1/8英寸，高13.0厘米
为蒙古市场制造的鼻烟壶,类型为,装饰艺术
为蒙古市场制造的鼻烟壶,位于,旧金山亚洲艺术博物馆
瀑布景观,创作者为,黄君璧（1898-1991）
瀑布景观,材质为,纸上的墨水和颜色
瀑布景观,尺寸为,高53英寸x 宽27英寸，高134.6厘米x 宽69厘米
瀑布景观,类型为,绘画
瀑布景观,位于,旧金山亚洲艺术博物馆
鱼、青蛙和紫藤,处于的年代,清朝（1644-1911）
鱼、青蛙和紫藤,创作者为,刘德留（1806-1875）
鱼、青蛙和紫藤,材质为,纸上的墨水和浅色
鱼、青蛙和紫藤,尺寸为,高16英寸×宽11英寸13/16英寸，高40.6厘米×宽30厘米（图片）；高56 1/2英寸×宽16英寸，高143.5厘米×宽40.6厘米（整体）
鱼、青蛙和紫藤,类型为,绘画
鱼、青蛙和紫藤,位于,旧金山亚洲艺术博物馆
四季景观，一套8个,创作者为,宋玉林（生于1947年）
四季景观，一套8个,材质为,金色斑点纸上的墨水和颜色
四季景观，一套8个,尺寸为,高6 1/8英寸x 宽19 1/8英寸，高15.6厘米x 宽46.0厘米（图片）；高10 5/8英寸x 宽19 1/8英寸，高27.0厘米x 宽48.6厘米（整体）
四季景观，一套8个,类型为,绘画
四季景观，一套8个,位于,旧金山亚洲艺术博物馆
袁用希散文画扇,创作者为,叶公绰（1881-1968）
袁用希散文画扇,材质为,金色斑点纸上的墨水和颜色
袁用希散文画扇,尺寸为,高12英寸x 宽18英寸，高30.5厘米x 宽45.7厘米
袁用希散文画扇,类型为,绘画
袁用希散文画扇,位于,旧金山亚洲艺术博物馆
李白草书诗,处于的年代,明朝（1368-1644）或清朝（1644-1911）
李白草书诗,创作者为,傅山（1606-1684）
李白草书诗,材质为,丝绸上的墨水
李白草书诗,尺寸为,高120 7/8英寸x 宽25英寸，高307.0厘米x 宽63.5厘米（整体）；高78 3/8英寸x 宽18 5/8英寸，高199.1厘米x 宽47.3厘米（图片）
李白草书诗,类型为,绘画
李白草书诗,位于,旧金山亚洲艺术博物馆
遮阳树下的工作室,处于的年代,清朝（1644-1911），乾隆皇帝统治时期（1735-1795）
遮阳树下的工作室,创作者为,顾洛（1762年-1837年后）
遮阳树下的工作室,材质为,纸上的墨水和颜色
遮阳树下的工作室,尺寸为,高 12 英寸 x 宽 24 1/8 英寸，高 30.48 厘米 x 宽 61.28 厘米
遮阳树下的工作室,类型为,绘画
遮阳树下的工作室,位于,旧金山亚洲艺术博物馆
观音菩萨,处于的年代,唐朝（618-907）
观音菩萨,材质为,镀金青铜
观音菩萨,尺寸为,高 13 英寸 x 宽 3 5/8 英寸 x 深 2 5/8 英寸，高 33.0 厘米 x 宽 9.2 厘米 x 深 6.7 厘米
观音菩萨,类型为,雕塑
观音菩萨,位于,旧金山亚洲艺术博物馆
坐佛,处于的年代,大理王国（937–1253）或更早
坐佛,材质为,镀金青铜
坐佛,尺寸为,高 17 英寸 x 宽 10 1/2 英寸 x 深 8 1/2 英寸，高 43.2 厘米 x 宽 26.7 厘米 x 深 21.6 厘米
坐佛,类型为,雕塑
坐佛,位于,旧金山亚洲艺术博物馆
阴影,创作者为,潘公凯（1947年生）
阴影,材质为,水墨纸本
阴影,尺寸为,高47英寸x宽38英寸，高119.4厘米x宽96.5厘米（图像），高59 1/2英寸x宽42 1/2英寸（整体）
阴影,类型为,绘画
阴影,位于,旧金山亚洲艺术博物馆
带精英学者观察划船的鼻烟瓶,处于的年代,清朝（1644-1911）
带精英学者观察划船的鼻烟瓶,材质为,金属搪瓷
带精英学者观察划船的鼻烟瓶,尺寸为,H.3英寸
带精英学者观察划船的鼻烟瓶,类型为,装饰艺术
带精英学者观察划船的鼻烟瓶,位于,旧金山亚洲艺术博物馆
带雕刻面具和环形手柄的鼻烟壶,处于的年代,清朝（1644-1911）
带雕刻面具和环形手柄的鼻烟壶,材质为,花岗岩
带雕刻面具和环形手柄的鼻烟壶,尺寸为,H.3英寸
带雕刻面具和环形手柄的鼻烟壶,类型为,装饰艺术
带雕刻面具和环形手柄的鼻烟壶,位于,旧金山亚洲艺术博物馆
红辣椒形状的鼻烟壶,处于的年代,清朝（1644-1911）
红辣椒形状的鼻烟壶,材质为,瓶子：珊瑚；塞子：孔雀石
红辣椒形状的鼻烟壶,尺寸为,L.2 1/4英寸
红辣椒形状的鼻烟壶,类型为,装饰艺术
红辣椒形状的鼻烟壶,位于,旧金山亚洲艺术博物馆
梅树上的喜鹊鼻烟壶,处于的年代,清朝（1644-1911）
梅树上的喜鹊鼻烟壶,材质为,影玛瑙
梅树上的喜鹊鼻烟壶,尺寸为,H.2 1/2英寸
梅树上的喜鹊鼻烟壶,类型为,装饰艺术
梅树上的喜鹊鼻烟壶,位于,旧金山亚洲艺术博物馆
鼻烟壶,处于的年代,清朝（1644-1911）
鼻烟壶,材质为,玄武岩
鼻烟壶,尺寸为,H.2 3/4英寸
鼻烟壶,类型为,装饰艺术
鼻烟壶,位于,旧金山亚洲艺术博物馆
《水浒传》场景,材质为,胶印、油墨和纸张上的颜色
《水浒传》场景,尺寸为,图片：高17 1/8英寸×宽22 3/8英寸（43.5厘米×56.8厘米）总体：高13 3/8英寸×宽19 7/16英寸（34厘米×49.4厘米）
《水浒传》场景,类型为,印刷品和图纸
《水浒传》场景,位于,旧金山亚洲艺术博物馆
天梦之浴,创作者为,张庆雪（1976年生于贵州省思南市）
天梦之浴,材质为,木版印刷，还原法，纸上的油基油墨
天梦之浴,尺寸为,高30 7/8英寸x 宽42 7/8英寸，高78.4厘米x 宽108.9厘米
天梦之浴,类型为,印刷品和图纸
天梦之浴,位于,旧金山亚洲艺术博物馆
古代青铜器形状的八角杯,处于的年代,明朝（1368-1644）或清朝（1644-1911）
古代青铜器形状的八角杯,材质为,犀牛角饰古铜玉
古代青铜器形状的八角杯,尺寸为,高2 1/2英寸x宽4 1/8英寸
古代青铜器形状的八角杯,类型为,装饰艺术
古代青铜器形状的八角杯,位于,旧金山亚洲艺术博物馆
《大华经》第二章手稿,处于的年代,宋朝（960-1279）或元朝（1271-1368）
《大华经》第二章手稿,材质为,水墨纸本
《大华经》第二章手稿,尺寸为,图片：高11 15/16英寸×宽270 11/16英寸（30.3厘米×687.5厘米）总体：高11 5/16英寸×宽275 1/8英寸（30.三厘米×698.8厘米）
《大华经》第二章手稿,类型为,书籍和手稿
《大华经》第二章手稿,位于,旧金山亚洲艺术博物馆
甜瓜形状的鼻烟壶,处于的年代,清朝（1644-1911）
甜瓜形状的鼻烟壶,材质为,软玉
甜瓜形状的鼻烟壶,尺寸为,高 2 3/4 英寸 x 宽 1 5/8 英寸 x 直径 7/8 英寸，高 7 厘米 x 宽 4.1 厘米 x 直径 2.2 厘米
甜瓜形状的鼻烟壶,类型为,装饰艺术
甜瓜形状的鼻烟壶,位于,旧金山亚洲艺术博物馆
鼻烟壶,处于的年代,清朝（1644-1911）
鼻烟壶,材质为,软玉
鼻烟壶,尺寸为,H.6.7厘米，无塞子
鼻烟壶,类型为,装饰艺术
鼻烟壶,位于,旧金山亚洲艺术博物馆
带雕刻面具和环形手柄的鼻烟壶,处于的年代,清朝（1644-1911）
带雕刻面具和环形手柄的鼻烟壶,材质为,玛瑙
带雕刻面具和环形手柄的鼻烟壶,尺寸为,高 2 3/4 英寸 宽 2 5/8 英寸 x 直径 1/2 英寸，高 7.1 厘米 x 宽 6.7 厘米 x 直径 1.3 厘米
带雕刻面具和环形手柄的鼻烟壶,类型为,装饰艺术
带雕刻面具和环形手柄的鼻烟壶,位于,旧金山亚洲艺术博物馆
用猫和葡萄装饰的鼻烟壶,处于的年代,清朝（1644-1911）
用猫和葡萄装饰的鼻烟壶,材质为,玻璃
用猫和葡萄装饰的鼻烟壶,尺寸为,高8.4厘米
用猫和葡萄装饰的鼻烟壶,类型为,装饰艺术
用猫和葡萄装饰的鼻烟壶,位于,旧金山亚洲艺术博物馆
龙纹鼻烟壶,处于的年代,清朝（1644-1911）
龙纹鼻烟壶,材质为,玻璃
龙纹鼻烟壶,尺寸为,高8.8厘米
龙纹鼻烟壶,类型为,装饰艺术
龙纹鼻烟壶,位于,旧金山亚洲艺术博物馆
小龙鼻烟壶,处于的年代,清朝（1644-1911）
小龙鼻烟壶,材质为,玻璃
小龙鼻烟壶,尺寸为,高 3 1/8 英寸 宽 1 5/8 英寸 x 深 2.5 英寸，高 8 厘米 x 宽 4.1 厘米 x 深 2.5 厘米
小龙鼻烟壶,类型为,装饰艺术
小龙鼻烟壶,位于,旧金山亚洲艺术博物馆
用锦缎包裹的鼻烟壶,处于的年代,清朝（1644-1911）
用锦缎包裹的鼻烟壶,材质为,翡翠
用锦缎包裹的鼻烟壶,尺寸为,高 3 英寸 x 宽 2 1/2 英寸 x 直径 1/2 英寸，高 7.9 厘米，高 7.9 厘米 x 宽 6.4 厘米 x 直径 1.3 厘米
用锦缎包裹的鼻烟壶,类型为,装饰艺术
用锦缎包裹的鼻烟壶,位于,旧金山亚洲艺术博物馆
鼻烟瓶，狮子玩球,处于的年代,清朝（1644-1911）
鼻烟瓶，狮子玩球,材质为,琥珀色
鼻烟瓶，狮子玩球,尺寸为,高6.5厘米
鼻烟瓶，狮子玩球,类型为,装饰艺术
鼻烟瓶，狮子玩球,位于,旧金山亚洲艺术博物馆
鼻烟壶,处于的年代,清朝（1644-1911）
鼻烟壶,材质为,椰子壳
鼻烟壶,尺寸为,高6.8厘米x宽4.5厘米x深1.4厘米
鼻烟壶,类型为,装饰艺术
鼻烟壶,位于,旧金山亚洲艺术博物馆
猫蝴蝶牡丹图案鼻烟壶,处于的年代,清朝（1644-1911）
猫蝴蝶牡丹图案鼻烟壶,材质为,玻璃
猫蝴蝶牡丹图案鼻烟壶,尺寸为,高2 1/4英寸x 宽1 7/8英寸，高5.6厘米x 宽4.7厘米
猫蝴蝶牡丹图案鼻烟壶,类型为,装饰艺术
猫蝴蝶牡丹图案鼻烟壶,位于,旧金山亚洲艺术博物馆
风景中带有人物的鼻烟瓶,处于的年代,清朝（1644-1911）
风景中带有人物的鼻烟瓶,材质为,象牙色，带油漆
风景中带有人物的鼻烟瓶,尺寸为,高 3 3/8 英寸 x 宽 1 7/8 英寸，高 8.5 厘米 x 宽 4.6 厘米
风景中带有人物的鼻烟瓶,类型为,装饰艺术
风景中带有人物的鼻烟瓶,位于,旧金山亚洲艺术博物馆
观音龙凤鼻烟壶,处于的年代,清朝（1644-1911）
观音龙凤鼻烟壶,材质为,珊瑚
观音龙凤鼻烟壶,尺寸为,高 2 5/8 英寸 x 宽 1 7/8 英寸 x 深 3/4 英寸，高 6.7 厘米 x 宽 4.6 厘米 x 深 2 厘米
观音龙凤鼻烟壶,类型为,装饰艺术
观音龙凤鼻烟壶,位于,旧金山亚洲艺术博物馆
菊花海棠装饰的鼻烟壶,处于的年代,清朝（1644-1911）
菊花海棠装饰的鼻烟壶,材质为,玻璃
菊花海棠装饰的鼻烟壶,尺寸为,高 3 英寸 x 宽 2 1/4 英寸 x 深 1 1/4 英寸，高 7.4 厘米 x 宽 5.5 厘米 x 深 3.1 厘米
菊花海棠装饰的鼻烟壶,类型为,装饰艺术
菊花海棠装饰的鼻烟壶,位于,旧金山亚洲艺术博物馆
在月光下的竹林里演奏琵琶,创作者为,程士发（1921-2007）
在月光下的竹林里演奏琵琶,材质为,纸上的墨水和颜色
在月光下的竹林里演奏琵琶,尺寸为,高53 1/2英寸x 宽26 3/8英寸，高135.9厘米x 宽67厘米（图片）；高 95 英寸 x 宽 32 1/8 英寸，高 241.3 厘米 x 宽 81.6 厘米（整体）
在月光下的竹林里演奏琵琶,类型为,绘画
在月光下的竹林里演奏琵琶,位于,旧金山亚洲艺术博物馆
芙蓉和翠鸟,处于的年代,明朝（1368-1644）
芙蓉和翠鸟,创作者为,周志眠（1521年生）
芙蓉和翠鸟,材质为,金色纸张上的墨水和颜色
芙蓉和翠鸟,尺寸为,高 12 英寸 x 宽 24 1/8 英寸，高 30.48 厘米 x 宽 61.28 厘米
芙蓉和翠鸟,类型为,绘画
芙蓉和翠鸟,位于,旧金山亚洲艺术博物馆
骆驼花,创作者为,方兆玲（1914-2006）
骆驼花,材质为,桑纸上的墨水和颜色
骆驼花,尺寸为,高35英寸x宽19英寸，高88.9厘米x宽48.3厘米（白色）；高 80 1/2 英寸 x 宽 27 英寸，高 204.5 厘米 x 宽 68.6 厘米（整体）
骆驼花,类型为,绘画
骆驼花,位于,旧金山亚洲艺术博物馆
长寿菊花,创作者为,方兆玲（1914-2006）
长寿菊花,材质为,纸上的墨水和颜色
长寿菊花,尺寸为,高27 1/2英寸x 宽17英寸，高69.8厘米x 宽43.2厘米（图片）；高 72 1/2 英寸 x 宽 27 1/2 英寸，高 184.1 厘米 x 宽 69.8 厘米（整体）
长寿菊花,类型为,绘画
长寿菊花,位于,旧金山亚洲艺术博物馆
猫,创作者为,方兆玲（1914-2006）
猫,材质为,纸上的墨水和颜色
猫,尺寸为,高27 1/2英寸x 宽18英寸，高69.8厘米x 宽45.7厘米（图片）；高 72 英寸 x 宽 27 1/2 英寸，高 182.9 厘米 x 宽 69.8 厘米（整体）
猫,类型为,绘画
猫,位于,旧金山亚洲艺术博物馆
男人在书桌上画画,创作者为,方兆玲（1914-2006）
男人在书桌上画画,材质为,纸上的墨水和颜色
男人在书桌上画画,尺寸为,高26英寸x宽193/4英寸，高66.0厘米x宽49.5厘米（图片）；高82英寸x 宽29英寸，高208.3厘米x 宽73.7厘米（整体）
男人在书桌上画画,类型为,绘画
男人在书桌上画画,位于,旧金山亚洲艺术博物馆
方形茶壶,处于的年代,清朝（1644-1911）
方形茶壶,创作者为,顾荆州（1915-1996）
方形茶壶,材质为,含岩石夹杂物的高温陶瓷
方形茶壶,尺寸为,高 2 英寸 x 宽 5 3/8 英寸 x 深 3 1/2 英寸，高 5.1 厘米 x 长 13.3 厘米 x 8.9 厘米
方形茶壶,类型为,陶瓷
方形茶壶,位于,旧金山亚洲艺术博物馆
茄子形状的鼻烟壶,处于的年代,清朝（1644-1911）
茄子形状的鼻烟壶,材质为,紫水晶和玻璃
茄子形状的鼻烟壶,尺寸为,高2英寸x 宽1英寸x 直径1/2英寸，高5.1厘米x 宽2.5厘米x 直径1.3厘米
茄子形状的鼻烟壶,类型为,装饰艺术
茄子形状的鼻烟壶,位于,旧金山亚洲艺术博物馆
带叶子和昆虫的鼻烟壶,处于的年代,清朝（1644-1911）
带叶子和昆虫的鼻烟壶,材质为,碧玉
带叶子和昆虫的鼻烟壶,尺寸为,高 2 1/16 英寸 x 宽 1 5/8 英寸 x 直径 3/4 英寸，高 5.2 厘米 x 高 4.1 厘米 x 直径 2 厘米
带叶子和昆虫的鼻烟壶,类型为,装饰艺术
带叶子和昆虫的鼻烟壶,位于,旧金山亚洲艺术博物馆
鹅卵石形状的鼻烟壶,处于的年代,清朝（1644-1911）
鹅卵石形状的鼻烟壶,材质为,绿松石
鹅卵石形状的鼻烟壶,尺寸为,高1 7/8英寸x 宽1 1/2英寸x 深1 1/8英寸，高4.7厘米x 宽3.8厘米x 深2.9厘米
鹅卵石形状的鼻烟壶,类型为,装饰艺术
鹅卵石形状的鼻烟壶,位于,旧金山亚洲艺术博物馆
花瓶,处于的年代,元朝（1271-1368）
花瓶,材质为,青瓷釉瓷器
花瓶,尺寸为,高10 1/4英寸x 直径5 1/2英寸，高26.1厘米x 直径14厘米
花瓶,类型为,陶瓷
花瓶,位于,旧金山亚洲艺术博物馆
带有动物面具图案的六角形花瓶,处于的年代,元朝（1271-1368）
带有动物面具图案的六角形花瓶,材质为,青瓷釉瓷器
带有动物面具图案的六角形花瓶,尺寸为,高 9 英寸 x 宽 4 5/8 英寸 x 深 5 5/8 英寸，高 22.9 厘米 x 宽 11.8 厘米 x 深 14.3 厘米
带有动物面具图案的六角形花瓶,类型为,陶瓷
带有动物面具图案的六角形花瓶,位于,旧金山亚洲艺术博物馆
致敬者,处于的年代,元朝（1271-1368）
致敬者,创作者为,归属于任博文（中国人，活跃于1300-1350年）
致敬者,材质为,丝绸上的墨水和颜色
致敬者,尺寸为,总体：高14 7/8英寸×宽206 1/2英寸（37.8厘米×524.5厘米）图片：高13 11/16英寸×宽87 1/4英寸（34.8厘米×221.6厘米）
致敬者,类型为,绘画
致敬者,位于,旧金山亚洲艺术博物馆
一尊佛像和两位菩萨的浮雕牌匾,处于的年代,大理王国（937–1253）
一尊佛像和两位菩萨的浮雕牌匾,材质为,镀金青铜
一尊佛像和两位菩萨的浮雕牌匾,尺寸为,高 8 3/4 英寸 x 宽 7 1/2 英寸 x 深 2 英寸，高 21.9 厘米 x 宽 19.1 厘米 x 5 厘米
一尊佛像和两位菩萨的浮雕牌匾,类型为,雕塑
一尊佛像和两位菩萨的浮雕牌匾,位于,旧金山亚洲艺术博物馆
门神与场景五个男孩通过科举考试,材质为,纸上的墨水和颜色
门神与场景五个男孩通过科举考试,尺寸为,图片（每张）：高17 3/16×宽11 3/8英寸（43.7×28.9厘米）总体（每张）高24 1/8×宽15 5/16英寸（61.3×38.9厘米）
门神与场景五个男孩通过科举考试,类型为,印刷品和图纸
门神与场景五个男孩通过科举考试,位于,旧金山亚洲艺术博物馆
龙造型鼻烟壶,处于的年代,清朝（1644-1911），乾隆皇帝统治时期（1736-1795）
龙造型鼻烟壶,材质为,玻璃
龙造型鼻烟壶,尺寸为,H.3 1/4英寸
龙造型鼻烟壶,类型为,装饰艺术
龙造型鼻烟壶,位于,旧金山亚洲艺术博物馆
大小葫芦形状的鼻烟瓶,处于的年代,清朝（1644-1911）
大小葫芦形状的鼻烟瓶,材质为,瓶子：软玉；塞子：石头
大小葫芦形状的鼻烟瓶,尺寸为,H.2 1/2英寸
大小葫芦形状的鼻烟瓶,类型为,装饰艺术
大小葫芦形状的鼻烟瓶,位于,旧金山亚洲艺术博物馆
鼻烟壶,处于的年代,清朝（1644-1911）
鼻烟壶,材质为,影玛瑙
鼻烟壶,尺寸为,3 1/8英寸
鼻烟壶,类型为,装饰艺术
鼻烟壶,位于,旧金山亚洲艺术博物馆
戏剧场景,材质为,胶印、油墨和纸张上的颜色
戏剧场景,尺寸为,图片：高13 1/2英寸×宽18 3/4英寸（34.3厘米×47.6厘米）总体：高17 1/8英寸×宽21 5/8英寸（43.5厘米×54.9厘米）
戏剧场景,类型为,印刷品和图纸
戏剧场景,位于,旧金山亚洲艺术博物馆
戏剧场景,材质为,胶印、油墨和纸张上的颜色
戏剧场景,尺寸为,高13 1/2英寸x 宽19 1/2英寸，高34.3厘米x 宽49.5厘米
戏剧场景,类型为,印刷品和图纸
戏剧场景,位于,旧金山亚洲艺术博物馆
带花朵的鼻烟壶,处于的年代,清朝（1644-1911）
带花朵的鼻烟壶,材质为,电气石
带花朵的鼻烟壶,尺寸为,高 2 1/2 英寸 x 宽 2 英寸，深 3/4 英寸，高 5.4 厘米 x 宽 5.1 厘米 x 深 2 厘米
带花朵的鼻烟壶,类型为,装饰艺术
带花朵的鼻烟壶,位于,旧金山亚洲艺术博物馆
鼻烟壶,处于的年代,清朝（1644-1911）
鼻烟壶,材质为,玻璃
鼻烟壶,尺寸为,高 3 英寸 x 宽 2 1/3 英寸，高 7.4 厘米 x 宽 5.9 厘米
鼻烟壶,类型为,装饰艺术
鼻烟壶,位于,旧金山亚洲艺术博物馆
狮子形状的带塞子的鼻烟壶,处于的年代,清朝（1644-1911）
狮子形状的带塞子的鼻烟壶,材质为,瓶子：青金石；塞子：镀金青铜
狮子形状的带塞子的鼻烟壶,尺寸为,高2 3/4英寸x 宽1 1/4英寸x 直径3/8英寸，高6.8厘米x 宽3.2厘米x 直径x 1厘米
狮子形状的带塞子的鼻烟壶,类型为,装饰艺术
狮子形状的带塞子的鼻烟壶,位于,旧金山亚洲艺术博物馆
镶面鼻烟壶,处于的年代,清朝（1644-1911）
镶面鼻烟壶,材质为,玻璃
镶面鼻烟壶,尺寸为,高7.9厘米
镶面鼻烟壶,类型为,装饰艺术
镶面鼻烟壶,位于,旧金山亚洲艺术博物馆
桃子形状的鼻烟壶,处于的年代,清朝（1644-1911）
桃子形状的鼻烟壶,材质为,玛瑙和金属
桃子形状的鼻烟壶,尺寸为,高1 3/4英寸，宽1英寸x 直径3/4英寸，高4.4厘米，宽2.5厘米x 直径2厘米
桃子形状的鼻烟壶,类型为,装饰艺术
桃子形状的鼻烟壶,位于,旧金山亚洲艺术博物馆
装饰有“百宝”图案的鼻烟瓶,处于的年代,清朝（1644-1911）
装饰有“百宝”图案的鼻烟瓶,材质为,玻璃
装饰有“百宝”图案的鼻烟瓶,尺寸为,高6.2厘米
装饰有“百宝”图案的鼻烟瓶,类型为,装饰艺术
装饰有“百宝”图案的鼻烟瓶,位于,旧金山亚洲艺术博物馆
和谐与欢乐两位神仙的鼻烟瓶,处于的年代,清朝（1644-1911）
和谐与欢乐两位神仙的鼻烟瓶,材质为,象牙
和谐与欢乐两位神仙的鼻烟瓶,尺寸为,高 3 5/8 英寸 x 宽 1 5/8 英寸 x 深 1 英寸，高 9.2 厘米 x 宽 4.1 厘米 x 深 2.5 厘米
和谐与欢乐两位神仙的鼻烟瓶,类型为,装饰艺术
和谐与欢乐两位神仙的鼻烟瓶,位于,旧金山亚洲艺术博物馆
鼻烟壶,处于的年代,清朝（1644-1911）
鼻烟壶,材质为,珍珠母
鼻烟壶,尺寸为,高 2 5/8 英寸，宽 1 1/2 英寸 x 深 5/8 英寸，高 6.6 厘米 x 宽 3.8 厘米 x 深 1.6 厘米
鼻烟壶,类型为,装饰艺术
鼻烟壶,位于,旧金山亚洲艺术博物馆
大象形状的鼻烟壶,处于的年代,清朝（1644-1911）
大象形状的鼻烟壶,材质为,玻璃
大象形状的鼻烟壶,尺寸为,高7.4厘米
大象形状的鼻烟壶,类型为,装饰艺术
大象形状的鼻烟壶,位于,旧金山亚洲艺术博物馆
峨眉山附近的山水画,创作者为,李文汉（1937-2016）
峨眉山附近的山水画,材质为,纸上的墨水和颜色
峨眉山附近的山水画,尺寸为,图片：高17 1/8英寸×宽13 1/2英寸（高43.5厘米×宽34.3厘米） 整体：高62 3/16英寸×宽18 5/8英寸（高158厘米×宽47.3厘米）
峨眉山附近的山水画,类型为,绘画
峨眉山附近的山水画,位于,旧金山亚洲艺术博物馆
魔女钟馗和他的妹妹,创作者为,傅小石（1932-2016）
魔女钟馗和他的妹妹,材质为,纸上的墨水和颜色
魔女钟馗和他的妹妹,尺寸为,高27英寸x宽17 1/4英寸，高68.6厘米x宽43.8厘米（图片）；高 62 3/4 英寸 x 宽 22 1/4 英寸，高 159.4 厘米 x 宽 56.5 厘米（整体）
魔女钟馗和他的妹妹,类型为,绘画
魔女钟馗和他的妹妹,位于,旧金山亚洲艺术博物馆
三峡上空薄雾弥漫,创作者为,宋文志（1919-1999）
三峡上空薄雾弥漫,材质为,纸上的墨水和颜色
三峡上空薄雾弥漫,尺寸为,高27英寸x宽173/4英寸，高68.6厘米x宽45.1厘米（图片）；高 84 1/2 英寸 x 宽 27 英寸，高 214.6 厘米 x 宽 68.6 厘米（整体）
三峡上空薄雾弥漫,类型为,绘画
三峡上空薄雾弥漫,位于,旧金山亚洲艺术博物馆
《宗经录》第58章手稿,材质为,水墨纸本
《宗经录》第58章手稿,尺寸为,高 1 英寸 x 宽 1 1/4 英寸 x 深 4 1/2 英寸，高 2.5 厘米 x 宽 28.6 厘米 x 深 11.4 厘米
《宗经录》第58章手稿,类型为,书籍和手稿
《宗经录》第58章手稿,位于,旧金山亚洲艺术博物馆
蘑菇形状的鼻烟壶,处于的年代,清朝（1644-1911）
蘑菇形状的鼻烟壶,材质为,竹根
蘑菇形状的鼻烟壶,尺寸为,高 2 1/2 英寸 x 宽 2 1/8 英寸 x 深 1 英寸，高 6.3 厘米 x 宽 5.4 厘米 x 深 2.5 厘米
蘑菇形状的鼻烟壶,类型为,装饰艺术
蘑菇形状的鼻烟壶,位于,旧金山亚洲艺术博物馆
小镇,创作者为,李华生（1944-2018）
小镇,材质为,纸上的墨水和颜色
小镇,尺寸为,高27 1/8英寸x 宽27 1/8英寸，高68.9厘米x 宽68.9厘米（图片）；高 29 1/8 英寸 x 宽 29 1/8 英寸，高 74.0 厘米 x 宽 74.0 厘米（整体）
小镇,类型为,绘画
小镇,位于,旧金山亚洲艺术博物馆
四季风景（八叶之一）,处于的年代,清朝（1644-1911），康熙皇帝统治时期（1662-1722）
四季风景（八叶之一）,创作者为,陆渊（中国人，活跃于1650年-1700年）
四季风景（八叶之一）,材质为,纸上的墨水或墨水和颜色
四季风景（八叶之一）,尺寸为,高12英寸x 宽9英寸，高30.5厘米x 宽22.9厘米（图片）
四季风景（八叶之一）,类型为,绘画
四季风景（八叶之一）,位于,旧金山亚洲艺术博物馆
月亮与风的对话,创作者为,刘国松（1932年生）
月亮与风的对话,材质为,纸上的墨水和颜色
月亮与风的对话,尺寸为,总体：高25 7/8英寸×宽48 5/8英寸（65.7厘米×123.5厘米）图片：高22 3/8×宽45 1/8英寸（56.8厘米×114.6厘米）
月亮与风的对话,类型为,绘画
月亮与风的对话,位于,旧金山亚洲艺术博物馆
豆腐托盘,创作者为,阿利昂（1953年生，中国人）
豆腐托盘,材质为,石器和低火陶瓷
豆腐托盘,尺寸为,高 2 1/2 英寸 x 宽 16 1/8 英寸 x 深 12 5/8 英寸，高 6.3 厘米 x 宽 21.0 厘米 x 深 32.1 厘米（仅限托盘）
豆腐托盘,类型为,雕塑
豆腐托盘,位于,旧金山亚洲艺术博物馆
春天,创作者为,赵少安（1905-1998）
春天,材质为,纸上的墨水和颜色
春天,尺寸为,高54 7/8英寸x 宽19 1/8英寸，高139.3厘米x 宽48.5厘米（图片）；高 79 7/8 英寸 x 宽 23 1/8 英寸，高 202.9 厘米 x 宽 58.7 厘米（整体）
春天,类型为,绘画
春天,位于,旧金山亚洲艺术博物馆
玫瑰,创作者为,赵少安（1905-1998）
玫瑰,材质为,纸上的墨水和颜色
玫瑰,尺寸为,高11 5/8英寸x 宽14 5/8英寸，高29.4厘米x 宽37.1厘米图像；高 49 5/8 英寸 x 宽 19 英寸，高 126 厘米 x 宽 48.2 厘米
玫瑰,类型为,绘画
玫瑰,位于,旧金山亚洲艺术博物馆
双龙鼻烟壶,处于的年代,清朝（1644-1911）
双龙鼻烟壶,材质为,釉下蓝、釉上红装饰瓷器
双龙鼻烟壶,尺寸为,高 2 1/2 英寸 x 宽 2 1/8 英寸 x 深 1 1/2 英寸，高 6.3 厘米 x 宽 5.4 厘米 x 深 3.8 厘米
双龙鼻烟壶,类型为,装饰艺术
双龙鼻烟壶,位于,旧金山亚洲艺术博物馆
山水天堂,处于的年代,明朝（1368-1644）
山水天堂,创作者为,张福（1546-1631）
山水天堂,材质为,丝绸上的墨水和颜色
山水天堂,尺寸为,高90 1/4英寸x 宽24 7/8英寸，高229.2厘米x 宽63.2厘米（总体）；高59 3/8英寸x 宽19 7/8英寸，高150.8厘米x 宽50.5厘米（图片）
山水天堂,类型为,绘画
山水天堂,位于,旧金山亚洲艺术博物馆
仲夏荷花池,创作者为,潘公凯（1947年生）
仲夏荷花池,材质为,水墨纸本
仲夏荷花池,尺寸为,高38 3/8英寸×宽27英寸，高97.5厘米×宽68.6厘米（图片）；高82 11/16×宽32 5/16英寸，高210厘米×宽82.1厘米（整体）
仲夏荷花池,类型为,绘画
仲夏荷花池,位于,旧金山亚洲艺术博物馆
茶壶,处于的年代,清朝（1644-1911），道光皇帝统治时期（1821-1850）
茶壶,材质为,有海洋沉积物的石器
茶壶,尺寸为,H. 6 1/4 in x 直径。9英寸；高 15.9 厘米 x 直径22.9厘米
茶壶,类型为,陶瓷
茶壶,位于,旧金山亚洲艺术博物馆
在花园里玩棋盘游戏,处于的年代,清朝（1644-1911）
在花园里玩棋盘游戏,创作者为,郑洁（中国人，约1750-1800年活跃）
在花园里玩棋盘游戏,材质为,纸上的墨水和颜色
在花园里玩棋盘游戏,尺寸为,高 12 英寸 x 宽 24 1/8 英寸，高 30.48 厘米 x 宽 61.28 厘米
在花园里玩棋盘游戏,类型为,绘画
在花园里玩棋盘游戏,位于,旧金山亚洲艺术博物馆
书信集,创作者为,刘建华（1962年生）
书信集,材质为,带釉和单丝的瓷器
书信集,尺寸为,（整体安装）：约高168英寸x宽60英寸x深60英寸，高426.7厘米x宽152.4厘米x深152.4厘米
书信集,类型为,雕塑
书信集,位于,旧金山亚洲艺术博物馆
松树上的鹰,创作者为,奥（1935-2024）
松树上的鹰,材质为,纸上的墨水和颜色
松树上的鹰,尺寸为,高37 1/4英寸x 宽22 1/2英寸，高94.6厘米x 宽57.1厘米（图片）；高 62 英寸 x 宽 26 3/4 英寸，高 157.5 厘米 x 宽 67.9 厘米（整体）
松树上的鹰,类型为,绘画
松树上的鹰,位于,旧金山亚洲艺术博物馆
伟大的水4号,创作者为,朱伟（生于1966年）
伟大的水4号,材质为,纸上的墨水和颜色
伟大的水4号,尺寸为,图片：高26×宽26英寸（66×66厘米）总体：高31 3/4×宽32英寸（80.6×81.3厘米）
伟大的水4号,类型为,绘画
伟大的水4号,位于,旧金山亚洲艺术博物馆
装有鲶鱼和真菌的鼻烟壶,处于的年代,清朝（1644-1911）
装有鲶鱼和真菌的鼻烟壶,材质为,软玉
装有鲶鱼和真菌的鼻烟壶,尺寸为,高 3 英寸 x 宽 1 1/2 英寸 x 深 3/8 英寸，高 7.6 厘米 x 宽 3.8 厘米 x 深 1.0 厘米
装有鲶鱼和真菌的鼻烟壶,类型为,装饰艺术
装有鲶鱼和真菌的鼻烟壶,位于,旧金山亚洲艺术博物馆
水仙花装饰的鼻烟壶,处于的年代,清朝（1644-1911）
水仙花装饰的鼻烟壶,材质为,软玉
水仙花装饰的鼻烟壶,尺寸为,H. 3 英寸 x W. 1 3/8 英寸 x D. 3/4 英寸；高 7.6 厘米 x 宽 3.5 厘米 x 深 1.9 厘米
水仙花装饰的鼻烟壶,类型为,装饰艺术
水仙花装饰的鼻烟壶,位于,旧金山亚洲艺术博物馆
鸭子和莲花,创作者为,约翰·韦（中文，1921-2012）
鸭子和莲花,材质为,纸上的墨水和颜色
鸭子和莲花,尺寸为,高74英寸x 宽26英寸，高188厘米x 宽66厘米（安装）
鸭子和莲花,类型为,绘画
鸭子和莲花,位于,旧金山亚洲艺术博物馆
鼻烟壶上有驱邪者钟馗品茶的场景,处于的年代,清朝（1644-1911）
鼻烟壶上有驱邪者钟馗品茶的场景,材质为,釉下蓝棕色装饰瓷器
鼻烟壶上有驱邪者钟馗品茶的场景,尺寸为,高3 1/2英寸x 直径1英寸，高8.9厘米x 直径2.5厘米
鼻烟壶上有驱邪者钟馗品茶的场景,类型为,装饰艺术
鼻烟壶上有驱邪者钟馗品茶的场景,位于,旧金山亚洲艺术博物馆
辟邪师钟馗的鼻烟壶,处于的年代,清朝（1644-1911）
辟邪师钟馗的鼻烟壶,材质为,釉下蓝色装饰瓷器
辟邪师钟馗的鼻烟壶,尺寸为,高3 1/2英寸x 直径1 1/4英寸，高8.9厘米x 直径3.2厘米
辟邪师钟馗的鼻烟壶,类型为,装饰艺术
辟邪师钟馗的鼻烟壶,位于,旧金山亚洲艺术博物馆
一个男人、女人和跪着的男孩的鼻烟瓶,处于的年代,清朝（1644-1911）
一个男人、女人和跪着的男孩的鼻烟瓶,材质为,釉下青红瓷装饰
一个男人、女人和跪着的男孩的鼻烟瓶,类型为,装饰艺术
一个男人、女人和跪着的男孩的鼻烟瓶,位于,旧金山亚洲艺术博物馆
1993年江泽民在旧金山短暂停留期间参观亚太经合组织领导人峰会题词,创作者为,江泽民（1926-2022）
1993年江泽民在旧金山短暂停留期间参观亚太经合组织领导人峰会题词,材质为,水墨纸本
1993年江泽民在旧金山短暂停留期间参观亚太经合组织领导人峰会题词,尺寸为,总体尺寸：高13 13/16英寸×宽54 1/4英寸（35.1厘米×137.8厘米）
1993年江泽民在旧金山短暂停留期间参观亚太经合组织领导人峰会题词,类型为,绘画
1993年江泽民在旧金山短暂停留期间参观亚太经合组织领导人峰会题词,位于,旧金山亚洲艺术博物馆
天山大篷车,创作者为,李山（1926-2019）
天山大篷车,材质为,纸上的墨水和颜色
天山大篷车,尺寸为,高20 3/16英寸x 宽13 1/2英寸，高51.3厘米x 宽34.3厘米（图片）；高 65 1/16 英寸 x 宽 19 3/16 英寸，高 165.3 厘米 x 宽 48.7 厘米（整体）
天山大篷车,类型为,绘画
天山大篷车,位于,旧金山亚洲艺术博物馆
山间溪流垂钓,创作者为,陆逸飞（1931-1997）
山间溪流垂钓,材质为,水墨纸本
山间溪流垂钓,尺寸为,图片：高25 3/16英寸×宽17 1/16英寸（高64厘米×宽43.3厘米） 整体：高69 5/16英寸×宽21 7/8英寸（高176.1厘米×宽55.6厘米）
山间溪流垂钓,类型为,绘画
山间溪流垂钓,位于,旧金山亚洲艺术博物馆
秋天桂花献上,处于的年代,清朝（1644-1911），光绪皇帝统治时期（1875-1908）
秋天桂花献上,创作者为,黄善寿（1855-1919）
秋天桂花献上,材质为,丝绸上的墨水和颜色
秋天桂花献上,尺寸为,高50 5/16英寸x 宽12 11/16英寸，高127.8厘米x 宽32.2厘米（图片）；高 53 1/16 英寸 x 宽 15 1/16 英寸，高 134.8 厘米 x 宽 38.3 厘米（整体）
秋天桂花献上,类型为,绘画
秋天桂花献上,位于,旧金山亚洲艺术博物馆
